,,,,,,,,,,,,"Survey","Participant","Question 1","Question 2","Question 3","Question 4","Question 5","Question 6","Question 7","Question 8","Question 9","Question 10","Question 11","{{Q://Q12/ChoiceTextEntryValue}}","{{Q://Q13/ChoiceTextEntryValue}}.1","{{Q://Q13/ChoiceTextEntryValue}}.2","{{Q://Q13/ChoiceTextEntryValue}}.3","{{Q://Q13/ChoiceTextEntryValue}}.4","{{Q://Q13/ChoiceTextEntryValue}}.5","{{Q://Q13/ChoiceTextEntryValue}}.6","{{Q://Q13/ChoiceTextEntryValue}}.7","Question 14","Question 15","Question 16","Question 17","Question 18","Question 19","Question 20","Question 21","Question 22","Question 23","Question 24","Question 25"
,,,,,,,,,,,,,"Question Text","היום אני ואמא שלי בילינו זמן כיף ביחד","מאז הסקר האחרון, אמא שלי החמיאה לי כשעשיתי משהו בצורה טובה","מאז הסקר האחרון, אמא שלי איימה להעניש אותי אבל לא עשתה זאת","מאז הסקר האחרון, עצבנתי את אמא שלי","מאז הסקר האחרון, אמא שלי העבירה עליי ביקורת","מאז הסקר האחרון, אמא שלי התעצבנה או צעקה עליי","מאז הסקר האחרון, שיתפתי את אמא שלי ברגשות/תחושות שלי (שאני שמחה / עצובה / כועסת / עצבנית / שקרה לי משהו מרגש היום)","מאז הסקר האחרון, אמא שלי הייתה סבלנית כלפיי","היום אמא שלי דיברה איתי על החברים שלי או על היום שלי","היום אמא שלי עזרה לי במשהו (כמו הקפצה לחוג/תנועת נוער, עזרה בשיעורי בית וכו')","מאז הסקר האחרון, אמא שלי הסכימה לכל מה שרציתי","תני דוגמה למשהו שעצבן אותך היום (אפשר גם להקליט תשובה)",":מאז הסקר האחרון, התפרצתי בכעס באחת או יותר מהדרכים הבאות",":מאז הסקר האחרון, התפרצתי בכעס באחת או יותר מהדרכים הבאות",":מאז הסקר האחרון, התפרצתי בכעס באחת או יותר מהדרכים הבאות",":מאז הסקר האחרון, התפרצתי בכעס באחת או יותר מהדרכים הבאות",":מאז הסקר האחרון, התפרצתי בכעס באחת או יותר מהדרכים הבאות",":מאז הסקר האחרון, התפרצתי בכעס באחת או יותר מהדרכים הבאות",":מאז הסקר האחרון, התפרצתי בכעס באחת או יותר מהדרכים הבאות","ברגע זה, אני מרגישה מרוגזת או כועסת","מאז הסקר האחרון, כעסתי או התעצבנתי כשדברים קרו לא כמו שרציתי","מאז הסקר האחרון, הרגשתי מתוסכלת","מאז הסקר האחרון, הרגשתי עצובה או מדוכאת","ברגע זה, אני מרגישה טוב","ברגע זה, אני מרגישה פחד או לחץ","מאז הסקר האחרון, הרגשתי מודאגת או מפוחדת","ברגע זה, אני מרגישה חסרת מנוחה","מאז הסקר האחרון, דעתי הוסחה בקלות","מאז הסקר האחרון, יצא שאמרתי את הדבר הראשון שעלה לי לראש מבלי לעצור ולחשוב","מאז הסקר האחרון, היה לי קשה להפסיק לעשות משהו אחרי שביקשו ממני להפסיק (לדוגמה כשמורים מבקשים ממני להפסיק לדבר בכיתה או כשאמא מבקש ממני להפסיק להיות מול המסך)","! מזכירים לשחק גם במשחק "
,,,,,,,,,,,,,"Response Type","Scale","Scale","Scale","Scale","Scale","Scale","Scale","Scale","Scale","Scale","Scale","Text","Multiple selection","Multiple selection","Multiple selection","Multiple selection","Multiple selection","Multiple selection","Multiple selection","Scale","Scale","Scale","Scale","Scale","Scale","Scale","Scale","Scale","Scale","Scale","Instruction"
"Start Date","End Date","Time Scheduled","Duration (in seconds)","Day of Survey","Occasion within Day","Finished","Participant ID","Location - Lat","Location - Long","No Login","Group Code","ip address","Choices","[ start_point_label = 'בכלל לא', middle_point_label = 'במידה בינונית', end_point_label = 'במידה רבה מאוד',  ]","[ start_point_label = 'בכלל לא', middle_point_label = 'במידה בינונית', end_point_label = 'במידה רבה מאוד',  ]","[ start_point_label = 'בכלל לא', middle_point_label = 'במידה בינונית', end_point_label = 'במידה רבה מאוד',  ]","[ start_point_label = 'בכלל לא', middle_point_label = 'במידה בינונית', end_point_label = 'במידה רבה מאוד',  ]","[ start_point_label = 'בכלל לא', middle_point_label = 'במידה בינונית', end_point_label = 'במידה רבה מאוד',  ]","[ start_point_label = 'בכלל לא', middle_point_label = 'במידה בינונית', end_point_label = 'במידה רבה מאוד',  ]","[ start_point_label = 'בכלל לא', middle_point_label = 'במידה בינונית', end_point_label = 'במידה רבה מאוד',  ]","[ start_point_label = 'בכלל לא', middle_point_label = 'במידה בינונית', end_point_label = 'במידה רבה מאוד',  ]","[ start_point_label = 'בכלל לא', middle_point_label = 'במידה בינונית', end_point_label = 'במידה רבה מאוד',  ]","[ start_point_label = 'בכלל לא', middle_point_label = 'במידה בינונית', end_point_label = 'במידה רבה מאוד',  ]","[ start_point_label = 'בכלל לא', middle_point_label = 'במידה בינונית', end_point_label = 'במידה רבה מאוד',  ]",,"[ צעקתי ]","[ טרקתי דלת ]","[ זרקתי משהו ]","[ זרקתי משהו על מישהו ]","[ הרבצתי ]","[ לא התפרצתי בכעס ]","[ התפרצתי בכעס בצורה אחרת (בבקשה לפרט) ]","[ start_point_label = 'בכלל לא', middle_point_label = 'במידה בינונית', end_point_label = 'במידה רבה מאוד',  ]","[ start_point_label = 'בכלל לא', middle_point_label = 'במידה בינונית', end_point_label = 'במידה רבה מאוד',  ]","[ start_point_label = 'בכלל לא', middle_point_label = 'במידה בינונית', end_point_label = 'במידה רבה מאוד',  ]","[ start_point_label = 'בכלל לא', middle_point_label = 'במידה בינונית', end_point_label = 'במידה רבה מאוד',  ]","[ start_point_label = 'בכלל לא', middle_point_label = 'במידה בינונית', end_point_label = 'במידה רבה מאוד',  ]","[ start_point_label = 'בכלל לא', middle_point_label = 'במידה בינונית', end_point_label = 'במידה רבה מאוד',  ]","[ start_point_label = 'בכלל לא', middle_point_label = 'במידה בינונית', end_point_label = 'במידה רבה מאוד',  ]","[ start_point_label = 'בכלל לא', middle_point_label = 'במידה בינונית', end_point_label = 'במידה רבה מאוד',  ]","[ start_point_label = 'בכלל לא', middle_point_label = 'במידה בינונית', end_point_label = 'במידה רבה מאוד',  ]","[ start_point_label = 'בכלל לא', middle_point_label = 'במידה בינונית', end_point_label = 'במידה רבה מאוד',  ]","[ start_point_label = 'בכלל לא', middle_point_label = 'במידה בינונית', end_point_label = 'במידה רבה מאוד',  ]",
"12/18/2024 10:13PM","12/18/2024 10:16PM","12/18/2024 05:00PM - 12/18/2024 11:00PM",154.183,"2","1","Finished","6761a67e8b60efe498aced32","0.0","0.0","no","-","192.168.1.151","Participant 1","1","1","1","1","1","1","7","6","5","1","4","לא התעצבנתי היום","No","No","No","No","No","Yes","","1","1","5","2","6","2","2","1","1","1","1",
"12/19/2024 07:00PM","12/19/2024 07:05PM","12/19/2024 05:00PM - 12/19/2024 11:00PM",258.004,"3","1","Finished","6761a67e8b60efe498aced32","0.0","0.0","no","-","192.168.1.247","Participant 1","1","5","1","1","1","1","5","7","7","7","7","כשהייתי בלחץ ממבחן וזה גרם לי להיות עצבנית ובכיתי בגלל זה","No","No","No","No","No","Yes","","1","1","2","2","5","2","1","1","1","1","1",
"12/20/2024 05:46PM","12/20/2024 05:48PM","12/20/2024 05:00PM - 12/20/2024 11:00PM",82.582,"4","1","Finished","6761a67e8b60efe498aced32","0.0","0.0","no","-","2a0d:6fc2:54a0:4300:c89f:981a:dd36:70ed","Participant 1","7","7","1","1","1","1","1","7","7","7","7","לא התעצבנתי היום ","No","No","No","No","No","Yes","","1","1","1","1","7","1","1","1","1","1","1",
"12/21/2024 07:39PM","12/21/2024 07:41PM","12/21/2024 05:00PM - 12/21/2024 11:00PM",109.18,"5","1","Finished","6761a67e8b60efe498aced32","0.0","0.0","no","-","192.168.1.247","Participant 1","5","7","1","1","1","1","1","7","1","7","7","לא התעצבנתי ","No","No","No","No","No","Yes","","1","1","1","1","7","1","1","1","1","5","1",
"12/22/2024 06:57PM","12/22/2024 06:59PM","12/22/2024 05:00PM - 12/22/2024 11:00PM",86.021,"6","1","Finished","6761a67e8b60efe498aced32","0.0","0.0","no","-","192.168.1.247","Participant 1","7","7","1","1","1","1","1","7","4","7","7","הייתי צריכה לעשות עבודה שכל שאלה בה היא עם שמונה סעיפים","Yes","No","No","No","No","No","","1","1","1","1","7","1","1","1","1","1","1",
"12/23/2024 09:19PM","12/23/2024 09:21PM","12/23/2024 05:00PM - 12/23/2024 11:00PM",114.544,"7","1","Finished","6761a67e8b60efe498aced32","0.0","0.0","no","-","192.168.1.247","Participant 1","5","7","1","1","1","1","5","7","7","7","7","שלמדתי הרבה שעות בבית ספר ואז גם למדתי בבית","No","No","No","No","No","Yes","","1","1","1","1","5","1","1","1","1","1","1",
"12/24/2024 07:22PM","12/24/2024 07:23PM","12/24/2024 05:00PM - 12/24/2024 11:00PM",65.429,"8","1","Finished","6761a67e8b60efe498aced32","0.0","0.0","no","-","2a02:6680:1007:470b:3021:8433:7074:7959","Participant 1","1","7","1","1","1","1","5","7","5","7","7","לא התעצבנתי","No","No","No","No","No","Yes","","1","1","1","1","7","1","1","1","1","1","1",
"12/19/2024 06:19PM","12/19/2024 06:23PM","12/19/2024 05:00PM - 12/19/2024 11:00PM",219.802,"2","1","Finished","6762f36917bb529f7000ba33",,,"no","-","192.168.1.196","Participant 2","7","7","1","1","1","1","1","7","7","1","5","מה שעצבן אותי היום זה שהייתי צריכה לקום מוקדם","No","No","No","No","No","Yes","","1","1","1","1","7","1","1","1","1","1","7",
"12/20/2024 06:44PM","12/20/2024 06:48PM","12/20/2024 05:00PM - 12/20/2024 11:00PM",215.126,"3","1","Finished","6762f36917bb529f7000ba33",,,"no","-","192.168.1.196","Participant 2","1","7","1","1","1","1","1","1","1","1","5","מה שעצבן אותי זה שהייתי צריכה לקום בחמש","No","No","No","No","No","Yes","","1","1","1","1","7","1","1","1","1","1","1",
"12/21/2024 05:06PM","12/21/2024 05:08PM","12/21/2024 05:00PM - 12/21/2024 11:00PM",113.475,"4","1","Finished","6762f36917bb529f7000ba33",,,"no","-","10.177.54.73","Participant 2","1","1","1","1","1","1","1","1","1","1","1","שום דבר לא עצבן אותי היום","No","No","No","No","No","Yes","","1","1","1","1","7","1","1","1","1","1","1",
"12/23/2024 05:51PM","12/23/2024 05:54PM","12/23/2024 05:00PM - 12/23/2024 11:00PM",207.206,"6","1","Finished","6762f36917bb529f7000ba33",,,"no","-","192.168.1.196","Participant 2","1","1","1","1","4","1","4","1","1","2","2"," שום דבר לא עצבן אותי","No","No","No","No","No","Yes","","1","1","1","1","1","1","1","4","1","1","1",
"12/24/2024 07:10PM","12/24/2024 07:12PM","12/24/2024 05:00PM - 12/24/2024 11:00PM",116.712,"7","1","Finished","6762f36917bb529f7000ba33",,,"no","-","192.168.1.196","Participant 2","1","7","1","1","1","1","1","1","1","1","1","מה שעצבן אותי שאני משתעלת","No","No","No","No","No","Yes","","1","1","1","1","7","1","1","1","1","1","1",
"12/25/2024 06:49PM","12/25/2024 06:51PM","12/25/2024 05:00PM - 12/25/2024 11:00PM",132.948,"8","1","Finished","6762f36917bb529f7000ba33",,,"no","-","192.168.1.196","Participant 2","3","3","3","6","5","5","3","3","3","5","2","הטלפון נשבר במסך הבא ","No","No","No","No","No","Yes","","6","5","6","5","3","6","5","6","6","4","5",
"01/07/2025 06:59PM","01/07/2025 07:04PM","01/07/2025 05:00PM - 01/07/2025 11:00PM",309.093,"2","1","Finished","677c161092b3eb66e2131ff5",,,"no","-","10.100.102.75","Participant 4","1","5","1","2","1","1","5","3","5","3","2","ילדים בכיתה שלי קפצו על השולחנות וצרחו ","Yes","No","No","No","No","No","","1","3","5","2","5","5","3","3","2","3","2",
"01/08/2025 08:31PM","01/08/2025 08:38PM","01/08/2025 05:00PM - 01/08/2025 11:00PM",431.149,"3","1","Finished","677c161092b3eb66e2131ff5",,,"no","-","10.100.102.75","Participant 4","2","3","1","1","3","1","3","5","3","5","3","עייפות ","No","No","No","No","No","Yes","","5","1","3","3","2","4","3","3","2","1","3",
"01/09/2025 05:50PM","01/09/2025 05:55PM","01/09/2025 05:00PM - 01/09/2025 11:00PM",326.99,"4","1","Finished","677c161092b3eb66e2131ff5",,,"no","-","10.100.102.75","Participant 4","5","3","1","1","1","1","3","6","3","2","4","עייפות ","No","No","No","No","No","Yes","","1","2","3","3","5","3","2","1","3","3","1",
"01/10/2025 09:38PM","01/10/2025 09:42PM","01/10/2025 05:00PM - 01/10/2025 11:00PM",221.591,"5","1","Finished","677c161092b3eb66e2131ff5",,,"no","-","10.100.102.75","Participant 4","1","3","1","1","1","2","2","5","2","1","3","עייפות ","No","No","No","No","No","Yes","","2","1","2","2","6","3","3","3","2","2","2",
"01/11/2025 07:22PM","01/11/2025 07:26PM","01/11/2025 05:00PM - 01/11/2025 11:00PM",260.06,"6","1","Finished","677c161092b3eb66e2131ff5",,,"no","-","10.100.102.75","Participant 4","3","3","1","3","2","2","2","3","2","2","3","עייפות","No","No","No","No","No","Yes","","3","2","2","2","3","3","3","3","2","3","3",
"01/12/2025 07:26PM","01/12/2025 07:29PM","01/12/2025 05:00PM - 01/12/2025 11:00PM",196.891,"7","1","Finished","677c161092b3eb66e2131ff5",,,"no","-","10.100.102.75","Participant 4","1","3","1","1","2","1","3","3","2","2","2","עייפות ","No","No","No","No","No","Yes","","3","3","2","3","4","1","1","2","2","2","2",
"01/13/2025 08:52PM","01/13/2025 09:00PM","01/13/2025 05:00PM - 01/13/2025 11:00PM",478.665,"8","1","Finished","677c161092b3eb66e2131ff5",,,"no","-","10.100.102.75","Participant 4","2","3","1","2","2","3","3","3","4","3","2","עייפות ","No","No","No","No","No","Yes","","2","3","2","3","4","2","3","2","3","2","2",
"01/13/2025 06:06PM","01/13/2025 06:10PM","01/13/2025 05:00PM - 01/13/2025 11:00PM",230.234,"2","1","Finished","6783ed149132493f1e0a2697","0.0","0.0","no","-","192.168.1.253","Participant 5","5","1","1","1","1","1","4","7","5","7","6","הביאו לנו שיעורי בית ","Yes","No","No","No","No","No","","1","4","1","1","6","1","1","1","4","7","5",
"01/14/2025 07:06PM","01/14/2025 07:09PM","01/14/2025 05:00PM - 01/14/2025 11:00PM",162.007,"3","1","Finished","6783ed149132493f1e0a2697","0.0","0.0","no","-","2a0d:6fc7:443:e82e:b010:c747:5409:a724","Participant 5","7","7","1","4","6","1","6","7","7","7","7","כלום","No","No","No","No","No","Yes","","1","5","4","1","6","1","1","1","1","7","1",
"01/15/2025 05:08PM","01/15/2025 05:12PM","01/15/2025 05:00PM - 01/15/2025 11:00PM",246.442,"4","1","Finished","6783ed149132493f1e0a2697","0.0","0.0","no","-","192.168.1.253","Participant 5","4","6","1","1","1","1","7","7","6","6","7","הגעתי מוקדם לבית ספר בגלל האוטובוס ","No","No","No","No","No","Yes","","1","5","4","1","7","1","1","1","2","7","2",
"01/16/2025 07:01PM","01/16/2025 07:07PM","01/16/2025 05:00PM - 01/16/2025 11:00PM",367.078,"5","1","Finished","6783ed149132493f1e0a2697","0.0","0.0","no","-","2a0d:6fc7:442:6818:10ec:ed45:df71:f78a","Participant 5","6","5","1","1","1","1","7","7","7","7","7","שיעור מתמטיקה ","No","No","No","No","No","Yes","","1","1","1","1","7","1","1","1","5","7","1",
"01/17/2025 05:13PM","01/17/2025 05:14PM","01/17/2025 05:00PM - 01/17/2025 11:00PM",113.977,"6","1","Finished","6783ed149132493f1e0a2697","0.0","0.0","no","-","192.168.1.253","Participant 5","7","7","1","1","1","1","6","7","1","6","7","קמתי מוקדם","No","No","No","No","No","Yes","","1","1","1","1","5","1","1","1","4","6","4",
"01/18/2025 07:40PM","01/18/2025 07:42PM","01/18/2025 05:00PM - 01/18/2025 11:00PM",100.511,"7","1","Finished","6783ed149132493f1e0a2697","0.0","0.0","no","-","192.168.1.253","Participant 5","7","6","1","4","4","4","6","5","3","7","7","שיעורי בית","No","No","No","No","No","Yes","","1","1","2","1","6","1","1","1","4","7","5",
"01/19/2025 06:01PM","01/19/2025 06:03PM","01/19/2025 05:00PM - 01/19/2025 11:00PM",105.815,"8","1","Finished","6783ed149132493f1e0a2697","0.0","0.0","no","-","192.168.1.253","Participant 5","5","5","1","1","1","1","6","6","5","7","7","חזרתי הביתה מאוחר","No","No","No","No","No","Yes","","1","2","1","1","7","1","1","1","1","7","1",
"01/16/2025 06:41PM","01/16/2025 06:47PM","01/16/2025 05:00PM - 01/16/2025 11:00PM",367.922,"2","1","Finished","6787c23313aa347c7f08e3cc",,,"no","-","192.168.1.221","Participant 6","3","1","1","1","5","1","6","5","5","6","7","ניסיתי לעשות את העבודה שלי באזרחות בספריה ב3 שעות חלון שהיו לי ולא הצלחתי להתרכז כי חברה שלי רצתה לדבר איתי אז לא התקדמי עד כדי כך בעבודה כמו שרציתי","No","No","No","No","No","Yes","","1","5","2","3","6","2","1","5","7","3","5",
"01/17/2025 09:31PM","01/17/2025 09:40PM","01/17/2025 05:00PM - 01/17/2025 11:00PM",546.074,"3","1","Finished","6787c23313aa347c7f08e3cc",,,"no","-","192.168.1.221","Participant 6","6","5","7","6","6","6","5","3","6","5","2","אחותי לא נקתה את השירותים אחרי שזה היה התור שלה ואמרתי לה לעשות את זה כבר 50 פעם","Yes","No","No","No","No","No","איימתי על אחותי במכאות שרובנו ( לא קרה בסוף)","6","6","7","2","2","5","5","5","3","6","3",
"01/18/2025 05:06PM","01/18/2025 05:14PM","01/18/2025 05:00PM - 01/18/2025 11:00PM",462.246,"4","1","Finished","6787c23313aa347c7f08e3cc",,,"no","-","192.168.1.221","Participant 6","6","6","2","2","3","5","6","6","7","3","4","רציתי לצאת לים היום אבל במקום יצאנו לאכול ...המזג אוויר מצויין היום אז התאכזבתי","No","No","No","No","No","Yes","","2","5","5","2","6","2","1","3","3","3","5",
"01/19/2025 06:38PM","01/19/2025 06:49PM","01/19/2025 05:00PM - 01/19/2025 11:00PM",656.097,"5","1","Finished","6787c23313aa347c7f08e3cc",,,"no","-","192.168.1.221","Participant 6","2","3","1","1","2","1","6","5","6","5","5","חברה שלי תהל אחרי שהיא בכתה לי לשבועיים שהאקס שלה בגד בה וכמה היא שונאת אותי החליטה לחזור אליו היום...אני פשוט התייעשתי כבר ","Yes","No","No","No","No","No","לא צעקתי אבל כן אמרתי לחברה שלי שהיא מתנהגת כמו סתומה והתווקחתי איתה קצת ","3","7","7","5","5","5","2","3","5","6","6",
"01/20/2025 05:03PM","01/20/2025 05:10PM","01/20/2025 05:00PM - 01/20/2025 11:00PM",401.833,"6","1","Finished","6787c23313aa347c7f08e3cc",,,"no","-","192.168.1.221","Participant 6","5","2","1","4","3","1","5","2","5","2","2","אני סיימתי מצגת לאנגלית לפני חודש ועכשיו רגע לפני הגשה חברה שלי לעבודה החלטה שהיא רוצה לשנות חצי מהמצגת ","Yes","No","No","No","No","No","","5","6","6","5","5","2","2","2","5","7","6",
"01/21/2025 06:01PM","01/21/2025 06:04PM","01/21/2025 05:00PM - 01/21/2025 11:00PM",139.629,"7","1","Finished","6787c23313aa347c7f08e3cc",,,"no","-","192.168.1.221","Participant 6","1","2","1","1","1","1","2","2","1","1","2","אין היום דאי שקט ","No","No","No","No","No","Yes","","2","2","2","3","6","2","3","3","5","5","3",
"01/22/2025 05:32PM","01/22/2025 05:36PM","01/22/2025 05:00PM - 01/22/2025 11:00PM",267.815,"8","1","Finished","6787c23313aa347c7f08e3cc",,,"no","-","192.168.1.221","Participant 6","5","5","2","5","5","5","6","4","6","5","3","אחותי הייתה צריכה להיות בבית לפני חצי שעה אבל במקום היא חוזרת ב-8 בערב בלי להודיע לי והיה לי תוכניות שבו היא שנתי בגללה ","No","No","No","No","No","Yes","","5","5","6","3","5","3","5","3","3","6","3",
"01/21/2025 05:10PM","01/21/2025 05:12PM","01/21/2025 05:00PM - 01/21/2025 11:00PM",134.956,"2","1","Finished","678d249858adab1eb9365f80",,,"no","-","192.168.1.169","Participant 7","4","7","1","1","1","1","7","5","1","2","2","היום בשיעור ספורט היה משחק לא הוגן","No","No","No","No","No","Yes","","1","6","1","1","7","5","5","1","2","1","1",
"01/22/2025 06:31PM","01/22/2025 06:33PM","01/22/2025 05:00PM - 01/22/2025 11:00PM",104.722,"3","1","Finished","678d249858adab1eb9365f80",,,"no","-","192.168.1.169","Participant 7","1","7","1","1","1","1","7","7","1","7","5","עשיתי מבחן במתמטיקה שהיה קשה ולדעתי לא היה מספיק זמן כמו שמגיע לנו","No","No","No","No","No","Yes","","1","7","2","6","7","1","6","1","2","1","1",
"01/23/2025 05:50PM","01/23/2025 05:53PM","01/23/2025 05:00PM - 01/23/2025 11:00PM",124.93,"4","1","Finished","678d249858adab1eb9365f80",,,"no","-","192.168.1.169","Participant 7","7","7","1","1","1","1","7","7","7","7","7","הילדים במגמה שלי","No","No","No","No","No","Yes","","1","1","1","1","7","2","2","1","6","1","3",
"01/24/2025 05:05PM","01/24/2025 05:07PM","01/24/2025 05:00PM - 01/24/2025 11:00PM",96.867,"5","1","Finished","678d249858adab1eb9365f80",,,"no","-","192.168.1.169","Participant 7","6","7","1","1","1","1","7","7","5","4","6","לא ישנתי חצי מהלילה","No","No","No","No","No","Yes","","2","5","1","1","7","1","1","2","6","4","7",
"01/25/2025 06:11PM","01/25/2025 06:13PM","01/25/2025 05:00PM - 01/25/2025 11:00PM",108.914,"6","1","Finished","678d249858adab1eb9365f80",,,"no","-","192.168.1.169","Participant 7","7","7","1","1","1","1","7","7","4","7","7","תיכננתי ללמוד אך היה מלא רעש מבחוץ שזה נאלץ להתעכב","No","No","No","No","No","Yes","","1","5","2","1","7","2","1","1","6","5","7",
"01/26/2025 07:14PM","01/26/2025 07:15PM","01/26/2025 05:00PM - 01/26/2025 11:00PM",80.824,"7","1","Finished","678d249858adab1eb9365f80",,,"no","-","10.82.137.61","Participant 7","7","7","1","1","1","1","7","1","4","7","7","הייתי צריכה ללכת להתנדבות למרות שכבר יש לי את כל השעות","No","No","No","No","No","Yes","","1","1","1","1","7","1","1","1","3","2","5",
"01/27/2025 06:03PM","01/27/2025 06:07PM","01/27/2025 05:00PM - 01/27/2025 11:00PM",234.127,"8","1","Finished","678d249858adab1eb9365f80",,,"no","-","192.168.1.169","Participant 7","4","7","1","2","1","1","7","6","5","2","2","היום בשיעור היו מלא ילדים שהפריעו עד שהמורה אמרה שכולנו צריכים להישאר עד יותר מאוחר","No","No","No","No","No","Yes","","1","6","1","2","7","2","2","3","5","4","1",
"01/21/2025 05:33PM","01/21/2025 05:35PM","01/21/2025 05:00PM - 01/21/2025 11:00PM",132.126,"2","1","Finished","678ce78d58adab1eb934bf55","0.0","0.0","no","-","10.0.50.237","Participant 8","5","1","1","4","4","1","5","3","5","7","5","שחברות שלי שיקרו לי ","Yes","No","No","No","No","No","","3","7","5","4","7","1","5","2","3","2","4",
"01/22/2025 10:39PM","01/22/2025 10:41PM","01/22/2025 05:00PM - 01/22/2025 11:00PM",146.605,"3","1","Finished","678ce78d58adab1eb934bf55","0.0","0.0","no","-","10.37.44.142","Participant 8","5","6","1","7","1","1","4","4","5","7","5","שחברה שלי הייתה אמורה לאסוף אותי עם אמא שלה לאימון והם איחרו","Yes","No","No","No","No","No","","2","7","7","4","7","2","4","4","5","1","3",
"01/23/2025 05:45PM","01/23/2025 05:49PM","01/23/2025 05:00PM - 01/23/2025 11:00PM",193.359,"4","1","Finished","678ce78d58adab1eb934bf55","0.0","0.0","no","-","10.0.0.24","Participant 8","5","7","1","7","1","3","5","5","1","7","4","המאמן שלי שיקר ","Yes","No","No","No","No","No","","1","7","5","3","6","2","3","3","5","5","5",
"01/24/2025 06:09PM","01/24/2025 06:12PM","01/24/2025 05:00PM - 01/24/2025 11:00PM",174.516,"5","1","Finished","678ce78d58adab1eb934bf55","0.0","0.0","no","-","10.0.0.24","Participant 8","5","3","1","4","4","2","4","4","1","7","1","שהייתי צריכה ללכת לבית ספר ","Yes","Yes","No","No","No","No","","3","7","4","2","5","2","5","4","3","4","2",
"01/25/2025 06:35PM","01/25/2025 06:38PM","01/25/2025 05:00PM - 01/25/2025 11:00PM",145.531,"6","1","Finished","678ce78d58adab1eb934bf55","0.0","0.0","no","-","10.216.114.62","Participant 8","2","1","1","5","2","2","3","3","5","1","6","שקבעתי להפגש עם חברה והיא ביטלה לי ברגע האחרון ","Yes","No","No","No","No","No","","2","7","5","3","6","3","5","3","3","3","2",
"01/26/2025 09:13PM","01/26/2025 09:15PM","01/26/2025 05:00PM - 01/26/2025 11:00PM",137.669,"7","1","Finished","678ce78d58adab1eb934bf55","0.0","0.0","no","-","10.0.0.24","Participant 8","5","6","1","4","3","3","5","5","1","7","5","כלום","No","No","No","No","No","Yes","","2","7","5","3","6","1","3","3","3","3","3",
"01/27/2025 07:29PM","01/27/2025 07:31PM","01/27/2025 05:00PM - 01/27/2025 11:00PM",139.888,"8","1","Finished","678ce78d58adab1eb934bf55","0.0","0.0","no","-","192.168.1.131","Participant 8","7","5","1","5","1","2","5","6","2","7","4","שהמאמן לא הקשיב לי ","Yes","No","No","No","No","No","","1","7","6","3","6","1","2","2","5","4","6",
"01/27/2025 10:29PM","01/27/2025 10:32PM","01/27/2025 05:00PM - 01/27/2025 11:00PM",161.74,"2","1","Finished","67967926fd75d39f735b1ed7","0.0","0.0","no","-","2a00:a041:e0a4:6900:20fd:84e0:c1c:e612","Participant 9","1","1","1","1","5","1","6","4","5","7","1","ההורים שלי לא הסכימו לי לחזור אחרי השעה 23:30 מחברים ","No","No","No","No","No","Yes","","1","1","1","3","7","1","1","1","7","7","1",
"01/28/2025 08:44PM","01/28/2025 08:46PM","01/28/2025 05:00PM - 01/28/2025 11:00PM",111.11,"3","1","Finished","67967926fd75d39f735b1ed7","0.0","0.0","no","-","192.168.1.222","Participant 9","1","5","1","1","1","1","2","7","6","1","3","כלום לא עיצבן אותי ","No","No","No","No","No","Yes","","1","1","1","1","7","1","1","1","1","5","1",
"01/29/2025 05:00PM","01/29/2025 05:01PM","01/29/2025 05:00PM - 01/29/2025 11:00PM",74.839,"4","1","Finished","67967926fd75d39f735b1ed7","0.0","0.0","no","-","192.168.1.222","Participant 9","1","1","1","1","1","1","1","7","1","7","5","כלום","No","No","No","No","No","Yes","","1","1","1","1","7","1","1","1","5","7","1",
"01/30/2025 05:07PM","01/30/2025 05:09PM","01/30/2025 05:00PM - 01/30/2025 11:00PM",128.669,"5","1","Finished","67967926fd75d39f735b1ed7","0.0","0.0","no","-","192.168.1.222","Participant 9","1","7","1","1","1","1","5","7","1","5","7","כלום ","No","No","No","No","No","Yes","","1","1","1","1","7","1","1","1","7","7","4",
"01/31/2025 08:16PM","01/31/2025 08:17PM","01/31/2025 05:00PM - 01/31/2025 11:00PM",60.432,"6","1","Finished","67967926fd75d39f735b1ed7","0.0","0.0","no","-","2a0d:6fc0:724:3800:c825:af72:e021:da63","Participant 9","1","5","1","1","1","1","7","7","5","6","7","כלום","No","No","No","No","No","Yes","","1","1","1","1","7","1","1","1","5","7","1",
"02/02/2025 05:44PM","02/02/2025 05:46PM","02/02/2025 05:00PM - 02/02/2025 11:00PM",80.57,"8","1","Finished","67967926fd75d39f735b1ed7","0.0","0.0","no","-","2a0d:6fc0:724:3800:6c3e:5fe5:30c5:7510","Participant 9","1","1","1","1","2","1","7","7","4","7","7","כלום ","No","No","No","No","No","Yes","","1","1","5","5","2","1","1","1","7","7","7",
"02/06/2025 05:39PM","02/06/2025 05:41PM","02/06/2025 05:00PM - 02/06/2025 11:00PM",126.666,"2","1","Finished","67a3816fba402d566c839a95","0.0","0.0","no","-","2001:40a8:a40:5a35:4c1:3b2:1ec1:bdd","Participant 10","1","2","5","6","2","5","2","5","5","7","5","המחנך שלי הרחיק אותי משיעורי מתמטיקה","Yes","Yes","No","No","No","No","","1","5","5","4","7","1","1","1","5","5","7",
"02/07/2025 07:06PM","02/07/2025 07:10PM","02/07/2025 05:00PM - 02/07/2025 11:00PM",288.24,"3","1","Finished","67a3816fba402d566c839a95","0.0","0.0","no","-","10.100.102.82","Participant 10","1","2","1","3","5","3","5","4","7","7","5","המרכז שלי בצופים צעק עליי בגלל שלא סיימתי את התיק מבנה למרות שאמרתי להם מראש שאין לי זמן לדבר הזה","Yes","No","No","No","No","No","","1","5","5","6","6","1","4","1","7","2","5",
"02/08/2025 08:36PM","02/08/2025 08:38PM","02/08/2025 05:00PM - 02/08/2025 11:00PM",129.036,"4","1","Finished","67a3816fba402d566c839a95","0.0","0.0","no","-","10.100.102.82","Participant 10","1","2","1","1","2","1","1","5","1","1","6","הייתי אמורה ללכת ליום הולדת של חברה ושמתי שעון מעורר כי ידעתי שאני ארדם וההורים שלי כיבו לי אותו ולא הלכתי ליום הולדת","No","No","No","No","No","Yes","","1","2","5","6","6","1","5","1","5","5","5",
"02/09/2025 09:52PM","02/09/2025 09:54PM","02/09/2025 05:00PM - 02/09/2025 11:00PM",85.454,"5","1","Finished","67a3816fba402d566c839a95","0.0","0.0","no","-","10.100.102.82","Participant 10","1","1","1","1","1","1","7","5","6","1","7","המניקוריסטית שלי לא הצליחה לעשות את הדוגמא בציפורניים שרציתי","No","No","No","No","No","Yes","","1","1","1","1","7","1","1","1","6","5","5",
"02/10/2025 05:15PM","02/10/2025 05:19PM","02/10/2025 05:00PM - 02/10/2025 11:00PM",227.29,"6","1","Finished","67a3816fba402d566c839a95","0.0","0.0","no","-","2001:40a8:801:2733:bc5a:4a15:7e28:962c","Participant 10","1","2","1","2","1","7","5","4","6","6","5","רצו להשעות אותי בבית ספר בגלל שאיחרתי בחמש דקות בבוקר והרכזת הייתה עצבנית אז היא הוציאה את העצבים שלה עליי ועל חברות שלי","Yes","Yes","No","No","No","No","","1","5","5","2","5","1","5","2","5","5","5",
"02/11/2025 05:02PM","02/11/2025 05:06PM","02/11/2025 05:00PM - 02/11/2025 11:00PM",253.262,"7","1","Finished","67a3816fba402d566c839a95","0.0","0.0","no","-","2001:40a8:800:6880:8c9:900a:29bf:654","Participant 10","1","2","2","2","3","2","6","5","6","7","2","היה לי מבחן במתמטיקה ולא הצלחתי את השאלה השנייה","No","No","No","No","No","Yes","","3","5","2","2","4","2","2","1","5","5","5",
"02/12/2025 05:52PM","02/12/2025 05:54PM","02/12/2025 05:00PM - 02/12/2025 11:00PM",111.212,"8","1","Finished","67a3816fba402d566c839a95","0.0","0.0","no","-","10.100.102.82","Participant 10","1","2","1","1","1","1","5","6","1","6","5","המורה שלי לפסיכולוגיה לא נתן לי להיכנס לכיתה כי איחרתי","Yes","No","No","No","No","No","","1","6","2","2","4","2","2","3","2","4","5",
"02/06/2025 10:28PM","02/06/2025 10:35PM","02/06/2025 05:00PM - 02/06/2025 11:00PM",419.987,"2","1","Finished","67a3a968ba402d566c84e894","0.0","0.0","no","-","192.168.1.54","Participant 11","1","1","1","1","1","1","2","3","2","2","1",,"No","No","No","No","No","Yes","","1","1","1","1","5","1","4","2","1","1","1",
"02/07/2025 09:06PM","02/07/2025 09:13PM","02/07/2025 05:00PM - 02/07/2025 11:00PM",396.707,"3","1","Finished","67a3a968ba402d566c84e894","0.0","0.0","no","-","192.168.1.53","Participant 11","1","1","1","1","1","1","1","7","1","2","7",,"No","No","No","No","No","Yes","","1","3","1","1","7","1","1","1","1","1","1",
"02/08/2025 06:24PM","02/08/2025 08:42PM","02/08/2025 05:00PM - 02/08/2025 11:00PM",8287.519,"4","1","Finished","67a3a968ba402d566c84e894","0.0","0.0","no","-","192.168.1.54","Participant 11","7","3","1","1","1","1","1","7","1","2","7",,"Yes","No","No","No","No","No","","1","2","1","1","7","1","1","1","1","1","3",
"02/09/2025 07:12PM","02/09/2025 07:17PM","02/09/2025 05:00PM - 02/09/2025 11:00PM",286.624,"5","1","Finished","67a3a968ba402d566c84e894","0.0","0.0","no","-","192.168.1.54","Participant 11","1","1","1","4","1","4","1","3","1","4","5",,"Yes","No","No","No","No","No","","5","1","1","4","5","1","1","1","2","1","2",
"02/10/2025 08:01PM","02/10/2025 08:19PM","02/10/2025 05:00PM - 02/10/2025 11:00PM",1072.843,"6","1","Finished","67a3a968ba402d566c84e894","0.0","0.0","no","-","2a02:14f:17d:ba52:b99c:3bf3:3e93:a0d7","Participant 11","1","1","1","3","1","2","2","5","2","2","6",,"Yes","No","No","No","No","No","","3","7","7","7","3","1","3","1","3","1","2",
"02/11/2025 06:42PM","02/11/2025 06:48PM","02/11/2025 05:00PM - 02/11/2025 11:00PM",357.762,"7","1","Finished","67a3a968ba402d566c84e894","0.0","0.0","no","-","2a02:14f:16f:d1c0:754e:5b43:c637:2f74","Participant 11","1","1","1","2","1","2","1","3","1","3","4","‏שהייתי צריכה להוציא את הכלב שלי. ","Yes","No","No","No","No","Yes","","2","2","4","4","6","3","2","1","4","1","2",
"02/12/2025 09:10PM","02/12/2025 09:41PM","02/12/2025 05:00PM - 02/12/2025 11:00PM",1851.188,"8","1","Finished","67a3a968ba402d566c84e894","0.0","0.0","no","-","192.168.1.54","Participant 11","1","4","1","3","1","2","1","7","1","4","7",,"Yes","No","No","No","No","Yes","","2","2","4","2","5","1","2","2","4","1","3",
"02/12/2025 09:40PM","02/12/2025 09:42PM","02/12/2025 05:00PM - 02/12/2025 11:00PM",146.214,"2","1","Finished","67aa52e393e9af387811b0ca","0.0","0.0","no","-","10.100.102.244","Participant 12","1","4","1","1","1","1","1","4","2","1","2","לא עצבן אותי שום דבר","No","No","No","No","No","Yes","","1","1","1","1","6","1","1","1","2","1","2",
"02/13/2025 08:26PM","02/14/2025 09:36AM","02/13/2025 05:00PM - 02/13/2025 11:00PM",47397.856,"3","1","Auto Submitted","67aa52e393e9af387811b0ca","0.0","0.0","no","-","192.168.1.237","Participant 12","1","1","1","1","1","1","1","3","1","2","2","שום דבר","No","No","No","No","No","Yes","","1","1","1","1","7","1","1","1","3","3","3",
"02/14/2025 07:17PM","02/14/2025 07:18PM","02/14/2025 05:00PM - 02/14/2025 11:00PM",76.274,"4","1","Finished","67aa52e393e9af387811b0ca","0.0","0.0","no","-","10.100.102.244","Participant 12","1","4","1","1","1","1","2","4","3","2","1","שום דבר","No","No","No","No","No","Yes","","1","1","1","1","7","1","1","1","3","2","2",
"02/15/2025 09:37PM","02/15/2025 09:38PM","02/15/2025 05:00PM - 02/15/2025 11:00PM",61.176,"5","1","Finished","67aa52e393e9af387811b0ca","0.0","0.0","no","-","10.100.102.244","Participant 12","2","3","1","2","1","1","2","2","1","2","2","שום דבר ","No","No","No","No","No","Yes","","1","1","1","1","6","1","1","1","2","2","1",
"02/16/2025 07:46PM","02/16/2025 07:47PM","02/16/2025 05:00PM - 02/16/2025 11:00PM",86.424,"6","1","Finished","67aa52e393e9af387811b0ca","0.0","0.0","no","-","10.100.102.244","Participant 12","1","4","1","2","1","2","3","2","2","3","2","שום דבר","No","No","No","No","No","Yes","","1","1","1","1","7","1","1","1","2","4","3",
"02/17/2025 08:14PM","02/17/2025 08:16PM","02/17/2025 05:00PM - 02/17/2025 11:00PM",129.873,"7","1","Finished","67aa52e393e9af387811b0ca","0.0","0.0","no","-","10.100.102.244","Participant 12","1","5","1","2","1","1","2","4","4","1","1","שום דבר","No","No","No","No","No","Yes","","1","1","1","1","5","1","1","1","2","2","2",
"02/18/2025 07:51PM","02/18/2025 07:53PM","02/18/2025 05:00PM - 02/18/2025 11:00PM",107.716,"8","1","Finished","67aa52e393e9af387811b0ca","0.0","0.0","no","-","10.100.102.244","Participant 12","1","5","1","1","1","1","1","4","2","2","2","שום דבר","No","No","No","No","No","Yes","","1","1","1","1","7","1","1","1","1","2","2",
"02/13/2025 09:26PM","02/13/2025 09:28PM","02/13/2025 05:00PM - 02/13/2025 11:00PM",116.734,"2","1","Finished","67ac91178eb0e335f94140d3","0.0","0.0","no","-","2a0d:6fc7:33a:4603:4881:88c3:49b9:853b","Participant 13","1","7","1","1","1","1","1","7","1","1","7","לא התעצבנתי ","No","No","No","No","No","Yes","","1","1","2","2","6","2","6","4","7","1","2",
"02/14/2025 08:07PM","02/14/2025 08:09PM","02/14/2025 05:00PM - 02/14/2025 11:00PM",120.274,"3","1","Finished","67ac91178eb0e335f94140d3","0.0","0.0","no","-","10.100.102.34","Participant 13","1","7","1","1","1","1","4","7","1","1","7","לא התעצבנתי ","No","No","No","No","No","Yes","","1","1","1","1","7","1","1","1","1","1","1",
"02/15/2025 05:01PM","02/15/2025 05:04PM","02/15/2025 05:00PM - 02/15/2025 11:00PM",158.432,"4","1","Finished","67ac91178eb0e335f94140d3","0.0","0.0","no","-","2a0d:6fc2:6530:1e00:28cb:4cf1:abdd:6f7","Participant 13","6","7","1","1","1","1","1","7","5","1","7","לא התעצבנתי ","No","No","No","No","No","Yes","","1","1","1","1","7","1","1","1","1","1","1",
"02/14/2025 07:09PM","02/14/2025 07:20PM","02/14/2025 05:00PM - 02/14/2025 11:00PM",635.321,"2","1","Finished","67ae2f9258056d402b063da2","0.0","0.0","no","-","192.168.68.102","Participant 14","1","2","1","1","1","1","2","4","7","1","1","אני הייתי צריכה לנכות את החדר שלי ","No","No","No","No","No","Yes","","1","1","1","1","5","1","3","3","1","2","2",
"02/15/2025 08:11PM","02/15/2025 08:15PM","02/15/2025 05:00PM - 02/15/2025 11:00PM",256.868,"3","1","Finished","67ae2f9258056d402b063da2","0.0","0.0","no","-","192.168.68.102","Participant 14","4","2","1","2","2","3","1","3","6","3","1","אני לא הצלחתי בשיעורי הבית שלי ","No","No","No","No","No","Yes","","2","4","3","4","2","5","4","2","5","1","3",
"02/16/2025 09:32PM","02/16/2025 09:37PM","02/16/2025 05:00PM - 02/16/2025 11:00PM",313.925,"4","1","Finished","67ae2f9258056d402b063da2","0.0","0.0","no","-","192.168.68.87","Participant 14","1","2","1","1","1","1","1","6","2","1","1","אני לא זוכרת משהו ספציפי שעיצבן אותי היום ","No","No","No","No","No","Yes","","1","1","2","3","6","1","3","3","3","1","3",
"02/17/2025 05:48PM","02/17/2025 05:53PM","02/17/2025 05:00PM - 02/17/2025 11:00PM",273.614,"5","1","Finished","67ae2f9258056d402b063da2","0.0","0.0","no","-","192.168.68.87","Participant 14","1","2","1","1","1","1","1","5","2","1","1","‏בבית ספר שידחו אותנו לקבוצות בשביל העבודה ארוכה שתהיה לנו ובקבוצה אני עם שני ילדים שמעצבנים אותי","No","No","No","No","No","Yes","","2","1","4","1","3","2","2","2","4","1","2",
"02/18/2025 05:54PM","02/18/2025 05:58PM","02/18/2025 05:00PM - 02/18/2025 11:00PM",241.651,"6","1","Finished","67ae2f9258056d402b063da2","0.0","0.0","no","-","192.168.68.87","Participant 14","2","3","1","1","1","2","2","6","2","1","1","לא עצבן אותי משהו היום ","No","No","No","No","No","Yes","","1","1","2","2","4","2","2","1","4","2","2",
"02/19/2025 08:34PM","02/19/2025 08:40PM","02/19/2025 05:00PM - 02/19/2025 11:00PM",365.478,"7","1","Finished","67ae2f9258056d402b063da2","0.0","0.0","no","-","192.168.68.87","Participant 14","1","2","1","1","1","1","2","2","2","1","1","אני לא זוכרת משהו שעצבן אותי ","No","No","No","No","No","Yes","","2","2","2","2","5","3","2","1","3","2","2",
"02/20/2025 07:05PM","02/20/2025 07:08PM","02/20/2025 05:00PM - 02/20/2025 11:00PM",198.119,"8","1","Finished","67ae2f9258056d402b063da2","0.0","0.0","no","-","192.168.68.87","Participant 14","4","4","1","1","1","1","2","7","3","3","2","‏היום עשינו עבודה בקבוצות בבית ספר  והקבוצה שלי בכלל לא עבדה אז הייתי צריכה לעשות את כל","No","No","No","No","No","Yes","","2","2","3","2","5","5","4","2","7","3","1",
"02/21/2025 08:51PM","02/21/2025 08:53PM","02/21/2025 05:00PM - 02/21/2025 11:00PM",167.883,"2","1","Finished","67b4c9269b9b93fbbdf32eed","0.0","0.0","no","-","2a02:6680:1004:a5b4:fcd4:8ff0:57ff:2b0f","Participant 15","2","2","1","1","2","2","2","3","5","3","3","קיבלתי 78 במתמטיקה","No","No","No","No","No","Yes","","2","2","4","2","4","2","5","3","4","3","2",
"02/22/2025 07:01PM","02/22/2025 07:03PM","02/22/2025 05:00PM - 02/22/2025 11:00PM",124.401,"3","1","Finished","67b4c9269b9b93fbbdf32eed","0.0","0.0","no","-","2a06:c701:4772:6500:dc68:3fa7:1a62:47b9","Participant 15","1","4","1","1","3","1","2","3","2","2","5","כלום","No","No","No","No","No","Yes","","2","1","1","1","5","1","2","3","1","1","1",
"02/24/2025 08:36PM","02/24/2025 08:38PM","02/24/2025 05:00PM - 02/24/2025 11:00PM",126.958,"5","1","Finished","67b4c9269b9b93fbbdf32eed","0.0","0.0","no","-","192.168.1.77","Participant 15","4","7","1","1","1","1","5","4","5","5","4","כלום","No","No","No","No","No","Yes","","1","1","5","1","2","2","1","1","1","5","5",
"02/25/2025 09:26PM","02/25/2025 09:29PM","02/25/2025 05:00PM - 02/25/2025 11:00PM",123.629,"6","1","Finished","67b4c9269b9b93fbbdf32eed","0.0","0.0","no","-","10.0.0.2","Participant 15","5","5","1","1","1","1","2","1","5","1","5","כלום","No","No","No","No","No","Yes","","1","1","1","1","5","1","5","1","5","4","2",
"02/26/2025 05:00PM","02/26/2025 05:02PM","02/26/2025 05:00PM - 02/26/2025 11:00PM",84.639,"7","1","Finished","67b4c9269b9b93fbbdf32eed","0.0","0.0","no","-","10.0.0.16","Participant 15","1","2","1","1","1","1","5","5","5","6","2","לא נתנו לי להישאר בבית ספר ולא ללכת לאיזה משהו ","No","No","No","No","No","Yes","","5","4","4","2","3","2","2","3","5","2","5",
"03/05/2025 07:11PM","03/05/2025 07:14PM","03/05/2025 05:00PM - 03/05/2025 11:00PM",173.055,"2","1","Finished","67c7396e46dea88167ee172c",,,"no","-","10.0.0.20","Participant 16","1","1","1","1","1","1","2","6","1","1","2","הכלבה שלי התחילה לנבוח בלי שום סיבה על כלבה אחרת","No","No","No","No","No","Yes","","5","2","6","6","3","2","2","2","2","1","1",
"03/06/2025 06:24PM","03/06/2025 06:28PM","03/06/2025 05:00PM - 03/06/2025 11:00PM",232.452,"3","1","Finished","67c7396e46dea88167ee172c",,,"no","-","10.0.0.14","Participant 16","1","2","1","2","2","1","1","5","2","1","2","לא היה משהו שעצבן אותי היום, לא שאני זוכרת ","No","No","No","No","No","Yes","","1","1","6","5","6","2","2","3","1","1","1",
"03/08/2025 05:59PM","03/08/2025 06:01PM","03/08/2025 05:00PM - 03/08/2025 11:00PM",127.577,"5","1","Finished","67c7396e46dea88167ee172c",,,"no","-","10.0.0.14","Participant 16","7","4","1","1","3","1","2","5","2","6","3","לא היה משהו שעצבן אותי היום ","No","No","No","No","No","Yes","","2","2","6","5","5","3","5","3","2","1","1",
"03/09/2025 07:33PM","03/09/2025 07:37PM","03/09/2025 05:00PM - 03/09/2025 11:00PM",239.49,"6","1","Finished","67c7396e46dea88167ee172c",,,"no","-","10.105.1.131","Participant 16","3","1","1","2","5","5","1","2","1","3","2","כשאמא היתה כועסת ואפשר לומר שקצת הוציאה את זה עלי ועל אחי הקטן ","No","No","No","No","No","Yes","","3","6","6","6","3","2","2","2","1","2","2",
"03/10/2025 06:56PM","03/10/2025 06:58PM","03/10/2025 05:00PM - 03/10/2025 11:00PM",123.815,"7","1","Finished","67c7396e46dea88167ee172c",,,"no","-","10.0.0.16","Participant 16","1","2","1","1","1","1","1","1","2","1","1","לא היה משהו שעצבן אותי היום ","No","No","No","No","No","Yes","","5","6","7","6","3","2","3","3","2","1","1",
"03/11/2025 08:04PM","03/11/2025 08:05PM","03/11/2025 05:00PM - 03/11/2025 11:00PM",97.548,"8","1","Finished","67c7396e46dea88167ee172c",,,"no","-","10.0.0.14","Participant 16","1","2","1","1","1","1","1","2","1","1","2","לא היה משהו שעצבן אותי היום ","No","No","No","No","No","Yes","","2","1","6","6","1","2","3","1","1","1","1",
"03/14/2025 05:15PM","03/14/2025 05:18PM","03/14/2025 05:00PM - 03/14/2025 11:00PM",173.079,"2","1","Finished","67d1a78ec1ae9946c566737d",,,"no","-","192.168.1.132","Participant 17","3","1","1","6","1","5","7","7","6","5","1","אח שלי דיבר מעצבן ואחותי בעטה לי בגב כל הנסיעה שלקחה יותר משעה","Yes","No","No","No","No","No","עקצתי","4","5","5","1","3","2","2","6","1","7","5",
"03/15/2025 05:02PM","03/15/2025 05:05PM","03/15/2025 05:00PM - 03/15/2025 11:00PM",208.338,"3","1","Finished","67d1a78ec1ae9946c566737d",,,"no","-","192.168.1.128","Participant 17","3","4","1","7","1","5","1","5","4","1","1","הייתי במתח כי היה הפורימון ואמא שלי כל הזמן
לא נתנה לי לעשות דברים","Yes","No","No","No","No","No","צעקתי ודיברתי בציניות לא נעימה","7","7","6","1","4","1","2","6","5","1","1",
"03/16/2025 07:53PM","03/16/2025 07:56PM","03/16/2025 05:00PM - 03/16/2025 11:00PM",124.503,"4","1","Finished","67d1a78ec1ae9946c566737d",,,"no","-","192.168.1.128","Participant 17","2","4","1","2","1","1","6","4","3","6","4","לא היה משהו שעיצבן אותי","No","No","No","No","No","Yes","","1","1","6","1","7","1","1","4","1","1","1",
"03/17/2025 08:09PM","03/17/2025 08:11PM","03/17/2025 05:00PM - 03/17/2025 11:00PM",116.527,"5","1","Finished","67d1a78ec1ae9946c566737d",,,"no","-","192.168.1.130","Participant 17","1","4","1","5","1","1","5","4","1","4","1","לא היה","No","No","No","No","No","Yes","","1","3","5","1","7","1","1","2","6","1","6",
"03/19/2025 05:25PM","03/19/2025 05:27PM","03/19/2025 05:00PM - 03/19/2025 11:00PM",136.982,"7","1","Finished","67d1a78ec1ae9946c566737d",,,"no","-","192.168.1.130","Participant 17","1","4","1","1","4","1","5","7","7","5","4","רבתי עם חברה","No","No","No","No","No","Yes","","1","1","1","1","7","1","1","1","5","1","5",
"03/20/2025 05:15PM","03/20/2025 05:17PM","03/20/2025 05:00PM - 03/20/2025 11:00PM",109.249,"8","1","Finished","67d1a78ec1ae9946c566737d",,,"no","-","192.168.1.130","Participant 17","1","5","1","1","1","1","4","5","6","5","1","שמלא ילדים ירדו על ילד אחר סתם","No","No","No","No","No","Yes","","1","1","1","1","7","1","1","1","5","4","6",
"03/18/2025 09:45PM","03/18/2025 09:49PM","03/18/2025 05:00PM - 03/18/2025 11:00PM",261.33,"2","1","Finished","67d84bc6c1ae9946c5b95535",,,"no","-","10.100.102.84","Participant 18","6","6","1","5","5","5","3","3","5","7","5","ילד שם מול הפנים שלי חרק ענקי ואני נגעלת מהם חושבת שהם קצת מפחידים.","Yes","No","No","No","No","No","","1","6","3","5","7","1","6","5","7","3","5",
"03/19/2025 07:00PM","03/19/2025 07:04PM","03/19/2025 05:00PM - 03/19/2025 11:00PM",270.899,"3","1","Finished","67d84bc6c1ae9946c5b95535",,,"no","-","10.100.102.84","Participant 18","5","7","2","3","3","2","6","6","6","5","7","ילדות מהכיתה שלי השפריצו עליי מים למרות שכבר אמרתי להם כבה פעמים שאני לא אוהבת שפורצים למרחב האישי שלי בכל דרך שהיא ","Yes","No","No","No","No","No","","1","6","2","6","7","1","6","2","6","7","3",
"03/20/2025 06:23PM","03/20/2025 06:27PM","03/20/2025 05:00PM - 03/20/2025 11:00PM",217.466,"4","1","Finished","67d84bc6c1ae9946c5b95535",,,"no","-","10.100.102.84","Participant 18","5","7","1","5","2","2","6","4","6","5","7","היום הגיעו התשובות לאם התקבלתי למשהו והיום היה מאוד משעמם והשיעור האחרון הרגיש כמו נצח.","No","No","No","No","No","Yes","","1","2","6","2","7","1","5","3","6","6","3",
"03/21/2025 06:21PM","03/21/2025 06:23PM","03/21/2025 05:00PM - 03/21/2025 11:00PM",139.534,"5","1","Finished","67d84bc6c1ae9946c5b95535",,,"no","-","10.100.102.84","Participant 18","3","5","1","4","2","5","6","5","6","3","5","היה לי קשה מאוד לקום.","No","No","No","No","No","Yes","","2","5","5","3","6","1","1","6","6","5","3",
"03/22/2025 05:57PM","03/22/2025 06:00PM","03/22/2025 05:00PM - 03/22/2025 11:00PM",199.137,"6","1","Finished","67d84bc6c1ae9946c5b95535",,,"no","-","10.100.102.84","Participant 18","2","6","1","5","3","5","4","5","5","5","6","ציירתי ציור אבל אחותי הקטנה הפריע לי והקשתה עליי לצייר.","No","No","No","No","No","Yes","","2","5","6","5","6","2","5","3","6","6","5",
"03/23/2025 06:08PM","03/23/2025 06:10PM","03/23/2025 05:00PM - 03/23/2025 11:00PM",158.404,"7","1","Finished","67d84bc6c1ae9946c5b95535",,,"no","-","10.100.102.84","Participant 18","2","3","1","5","1","5","6","5","6","2","5","הלכתי לשיננית והיא הייתה מאוד לא סבלנית","Yes","No","No","No","No","No","","5","5","6","5","5","2","3","6","3","6","5",
"03/24/2025 09:24PM","03/24/2025 09:26PM","03/24/2025 05:00PM - 03/24/2025 11:00PM",113.205,"8","1","Finished","67d84bc6c1ae9946c5b95535",,,"no","-","10.100.102.84","Participant 18","2","7","6","6","6","5","5","5","2","5","3","המשחק, המשחק שקשור למחקר מאוד מעצבן וצריך להיות קצת יותר קצר לטעמי.","Yes","No","No","No","No","No","","1","7","7","3","6","2","5","7","7","6","7",
"03/23/2025 09:17PM","03/23/2025 09:22PM","03/23/2025 05:00PM - 03/23/2025 11:00PM",302.117,"2","1","Finished","67dc1d544a8aee02c00ea4ef","0.0","0.0","no","-","10.100.102.45","Participant 20","1","6","1","2","1","2","7","2","5","1","6","למדתי לבגרות בתנך והרגשתי שאני לא מספיקה את כל החומר והרגיש לי כאילו כולם מצליחים לבלות ולעשות דברים ורק אני לומדת כל היום וזה די עצבן אותי וגם הרגשתי שאני לא מספיקה הרבה פרקים ולא מוצאת את השיטה הטובה ללמידה ומבזבזת מלא זמן בשיטת לימוד שאני עושה ומוותרת על דברים שאני אוהבת כמו אימון שרציתי היום וויתרתי ","Yes","No","No","No","No","No","בכיתי ","1","7","7","6","4","4","6","2","6","3","4",
"03/24/2025 09:33PM","03/24/2025 09:35PM","03/24/2025 05:00PM - 03/24/2025 11:00PM",152.737,"3","1","Finished","67dc1d544a8aee02c00ea4ef","0.0","0.0","no","-","192.168.1.166","Participant 20","1","6","1","1","1","1","5","4","1","1","4"," בעבודה נתנו לי משימה לעשות שלא אהבתי, בסוף כן היה בסדר אבל והסתדרתי. ובבית ספר שלקחו אותי משיעור מתמטיקה בשביל שיחה לא חשובה ","No","No","No","No","No","Yes","","1","3","2","1","6","1","6","1","1","1","1",
"03/28/2025 07:21PM","03/28/2025 07:23PM","03/28/2025 05:00PM - 03/28/2025 11:00PM",79.255,"7","1","Finished","67dc1d544a8aee02c00ea4ef","0.0","0.0","no","-","2a0d:6fc7:622:6ca1:b0fd:b115:c664:4774","Participant 20","6","6","1","1","1","1","7","6","7","6","6","לא היה משהו מיוחד","No","No","No","No","No","Yes","","1","1","4","2","6","1","2","1","3","4","5",
"03/27/2025 05:21PM","03/27/2025 05:24PM","03/27/2025 05:00PM - 03/27/2025 11:00PM",182.215,"2","1","Finished","67d6b12bc1ae9946c5a155d1","0.0","0.0","no","-","2a02:14f:383:730d:d1b9:324:1ba:2e09","Participant 21","1","6","1","1","1","1","5","7","1","1","4","שאלה במבחן בלשון ","No","No","No","No","No","Yes","","1","3","1","1","5","1","1","1","1","1","1",
"03/29/2025 05:05PM","03/29/2025 05:10PM","03/29/2025 05:00PM - 03/29/2025 11:00PM",250.648,"4","1","Finished","67d6b12bc1ae9946c5a155d1","0.0","0.0","no","-","2a02:14f:395:48e3:903b:1ab8:797e:91ec","Participant 21","5","4","1","1","1","1","6","6","4","4","4","חיכיתי רבע שעה למים ","No","No","No","No","No","Yes","","4","2","4","1","4","5","1","3","1","3","1",
"03/30/2025 05:44PM","03/30/2025 05:47PM","03/30/2025 05:00PM - 03/30/2025 11:00PM",155.674,"5","1","Finished","67d6b12bc1ae9946c5a155d1","0.0","0.0","no","-","10.100.102.173","Participant 21","1","4","1","1","1","1","6","4","6","1","2","מבחן","No","No","No","No","No","Yes","","2","3","3","1","4","1","1","1","1","1","1",
"03/31/2025 05:36PM","03/31/2025 05:38PM","03/31/2025 05:00PM - 03/31/2025 11:00PM",97.387,"6","1","Finished","67d6b12bc1ae9946c5a155d1","0.0","0.0","no","-","10.100.102.173","Participant 21","1","5","1","1","1","1","7","6","7","5","5","אין משהו ספציפי ","No","No","No","No","No","Yes","","1","2","2","1","4","1","1","1","1","1","1",
"04/01/2025 08:51PM","04/01/2025 08:58PM","04/01/2025 05:00PM - 04/01/2025 11:00PM",389.442,"7","1","Finished","67d6b12bc1ae9946c5a155d1","0.0","0.0","no","-","fd42:c38d:800c:a349:1047:556b:ccf7:e92b","Participant 21","1","7","1","1","1","1","6","3","3","5","4","אין","No","No","No","No","No","Yes","","1","1","1","1","4","2","1","1","1","1","1",
"04/02/2025 06:59PM","04/02/2025 07:01PM","04/02/2025 05:00PM - 04/02/2025 11:00PM",135.437,"8","1","Finished","67d6b12bc1ae9946c5a155d1","0.0","0.0","no","-","fd42:c38d:800c:a349:1047:556b:ccf7:e92b","Participant 21","1","6","1","1","1","1","4","7","6","5","4","אין","No","No","No","No","No","Yes","","1","1","1","1","3","2","1","2","1","1","1",
"03/28/2025 06:25PM","03/28/2025 06:30PM","03/28/2025 05:00PM - 03/28/2025 11:00PM",288.042,"2","1","Finished","67e559158cd70bc4d8395897",,,"no","-","10.100.102.23","Participant 22","1","2","1","1","2","1","5","5","5","5","3","שאחותי לא נתנה את כל כולה בטיול ופשוט נשברה והייתי צריכה לעשות מלא דברים שהיא תסכים ללכת","No","No","No","No","No","Yes","","1","2","6","2","4","1","2","6","6","5","1",
"03/29/2025 07:59PM","03/29/2025 08:04PM","03/29/2025 05:00PM - 03/29/2025 11:00PM",302.595,"3","1","Finished","67e559158cd70bc4d8395897",,,"no","-","10.100.102.23","Participant 22","2","1","1","4","5","4","6","6","5","1","6","אין כרגע(:","No","No","No","No","No","Yes","","4","1","2","3","5","5","5","2","6","6","2",
"03/30/2025 07:42PM","03/30/2025 07:46PM","03/30/2025 05:00PM - 03/30/2025 11:00PM",271.273,"4","1","Finished","67e559158cd70bc4d8395897",,,"no","-","10.100.102.23","Participant 22","1","6","1","4","3","2","6","6","6","5","6","אני בסדר היום","No","No","No","No","No","Yes","","2","2","6","4","4","6","5","7","3","6","6",
"03/31/2025 05:04PM","03/31/2025 05:07PM","03/31/2025 05:00PM - 03/31/2025 11:00PM",174.613,"5","1","Finished","67e559158cd70bc4d8395897",,,"no","-","10.100.102.23","Participant 22","2","5","1","2","3","1","5","6","7","5","6","אין(:","No","No","No","No","No","Yes","","2","1","5","5","3","6","6","7","6","7","3",
"04/01/2025 05:06PM","04/01/2025 05:09PM","04/01/2025 05:00PM - 04/01/2025 11:00PM",160.021,"6","1","Finished","67e559158cd70bc4d8395897",,,"no","-","10.114.200.21","Participant 22","3","5","1","4","3","3","6","6","6","7","5","שילדה אובססיבית אליי ולא משחררת","No","No","No","No","No","Yes","","2","1","4","5","5","3","5","6","6","6","2",
"04/02/2025 09:37PM","04/02/2025 09:41PM","04/02/2025 05:00PM - 04/02/2025 11:00PM",224.342,"7","1","Finished","67e559158cd70bc4d8395897",,,"no","-","10.100.102.23","Participant 22","6","2","1","5","6","4","6","5","6","6","6","אחותי הרביצה לי","No","No","No","No","Yes","No","","7","5","6","5","5","6","6","6","6","6","5",
"04/03/2025 09:08PM","04/03/2025 09:11PM","04/03/2025 05:00PM - 04/03/2025 11:00PM",196.786,"8","1","Finished","67e559158cd70bc4d8395897",,,"no","-","10.100.102.23","Participant 22","1","2","1","7","7","5","5","4","5","2","2","שלוקחים אוצי סתם כעוד מישהי","Yes","No","No","No","No","No","","5","5","6","6","4","5","4","6","6","7","7",
"03/31/2025 05:14PM","03/31/2025 05:18PM","03/31/2025 05:00PM - 03/31/2025 11:00PM",256.279,"2","1","Finished","67e922bc8cd70bc4d874ae9f","0.0","0.0","no","-","192.168.1.126","Participant 23","2","7","1","2","5","1","7","5","7","7","6","הדבר שהכי עצבן אותי היום זה שחברה הייתה אמורה לבוא אליי לחמש דקות ואז סבתא שלה באה כבר הביתה אז היא הייתה צריכה ללכת הביתה😭😭😭","No","No","No","No","No","Yes","","4","6","4","6","7","1","1","1","2","7","7",
"04/01/2025 06:35PM","04/01/2025 06:39PM","04/01/2025 05:00PM - 04/01/2025 11:00PM",212.528,"3","1","Finished","67e922bc8cd70bc4d874ae9f","0.0","0.0","no","-","10.100.102.111","Participant 23","7","7","7","1","1","1","7","7","7","1","6","שאמרו לי להפסיק עם לדבר עם עצמי😅","No","No","No","No","No","No","קיללתי את אח שלי","3","1","7","7","7","5","7","7","7","7","7",
"04/02/2025 05:04PM","04/02/2025 05:05PM","04/02/2025 05:00PM - 04/02/2025 11:00PM",71.667,"4","1","Finished","67e922bc8cd70bc4d874ae9f","0.0","0.0","no","-","192.168.1.126","Participant 23","6","6","6","4","3","5","7","6","2","2","2","כלום","No","No","No","No","No","Yes","","2","6","6","7","4","2","4","5","7","3","3",
"04/04/2025 05:00PM","04/04/2025 05:01PM","04/04/2025 05:00PM - 04/04/2025 11:00PM",73.565,"6","1","Finished","67e922bc8cd70bc4d874ae9f","0.0","0.0","no","-","192.168.1.126","Participant 23","7","7","7","2","6","1","7","7","7","5","4","כלום לא עצבן אותי היום בינתיים","No","No","No","No","No","Yes","","1","7","4","7","7","6","7","4","6","7","6",
"04/05/2025 06:17PM","04/05/2025 06:18PM","04/05/2025 05:00PM - 04/05/2025 11:00PM",85.15,"7","1","Finished","67e922bc8cd70bc4d874ae9f","0.0","0.0","no","-","192.168.1.126","Participant 23","7","7","7","7","7","7","7","6","7","7","7","אח שלי הצבען אותי (אני לא רוצה להיכנס לפרטים מעבר)🍓","No","No","No","No","No","Yes","","7","7","7","7","7","1","2","7","7","6","7",
"04/06/2025 05:02PM","04/06/2025 05:03PM","04/06/2025 05:00PM - 04/06/2025 11:00PM",71.513,"8","1","Finished","67e922bc8cd70bc4d874ae9f","0.0","0.0","no","-","192.168.1.126","Participant 23","7","7","6","6","7","2","7","6","1","7","1","היום כלום לא עצבן אותי הרגשתי ממש רגועה","No","No","No","No","No","Yes","","2","6","4","2","1","7","3","7","7","7","7",
"04/10/2025 08:19PM","04/10/2025 08:25PM","04/10/2025 05:00PM - 04/10/2025 11:00PM",363.454,"2","1","Finished","67d2b7adc1ae9946c5720ac6","0.0","0.0","no","-","2a0d:6fc2:4bb2:c500:7858:7acc:8b7a:2d22","Participant 24","3","2","2","3","2","3","1","5","3","4","4","שהיתי צריך לקרוא משהו בתורה ולא הצלחתי להבין ","Yes","No","No","No","No","No","","2","4","4","4","4","2","2","5","3","4","1",
"04/11/2025 07:16PM","04/11/2025 07:20PM","04/11/2025 05:00PM - 04/11/2025 11:00PM",259.105,"3","1","Finished","67d2b7adc1ae9946c5720ac6","0.0","0.0","no","-","10.37.51.251","Participant 24","2","3","1","2","1","2","2","4","2","2","4","כלום","No","No","No","No","No","Yes","","2","2","2","3","5","2","3","1","4","4","2",
"04/12/2025 06:22PM","04/12/2025 06:27PM","04/12/2025 05:00PM - 04/12/2025 11:00PM",302.239,"4","1","Finished","67d2b7adc1ae9946c5720ac6","0.0","0.0","no","-","2a0d:6fc2:4bb2:c500:9c9c:9049:d42a:d710","Participant 24","3","3","1","2","3","4","3","3","1","3","3","שאח שלי רצה להיות איתי ואני רציתי שהוא לא היה איתי רציתי להיות בחדר שלי ","Yes","No","No","No","No","No","","1","3","3","3","5","4","3","1","2","1","3",
"04/13/2025 06:29PM","04/13/2025 06:35PM","04/13/2025 05:00PM - 04/13/2025 11:00PM",324.283,"5","1","Finished","67d2b7adc1ae9946c5720ac6","0.0","0.0","no","-","10.37.76.223","Participant 24","2","1","1","1","2","2","1","4","1","3","2","שנסענו לים המלח ורצינו לאכול במסעדה והיא היתה סגורה וגם בנסיעה היה לי מאוד צפוף ","No","No","No","No","No","No","התעצבנתי אבל לא השתוללתי יותר מדי פשוט בלב שלי הייתי קצת כועסת","3","3","1","2","5","3","2","2","2","1","1",
"04/14/2025 06:21PM","04/14/2025 06:25PM","04/14/2025 05:00PM - 04/14/2025 11:00PM",241.517,"6","1","Finished","67d2b7adc1ae9946c5720ac6","0.0","0.0","no","-","10.234.52.82","Participant 24","5","2","1","3","2","2","1","4","1","3","5","‏שהיינו בים המלח ושורף לי במקומות מסוימים בגוף וזה לא היה נעים","Yes","No","No","No","No","No","","3","2","2","2","7","3","2","2","5","3","2",
"04/15/2025 05:03PM","04/15/2025 05:07PM","04/15/2025 05:00PM - 04/15/2025 11:00PM",248.648,"7","1","Finished","67d2b7adc1ae9946c5720ac6","0.0","0.0","no","-","2a01:73c0:603:22b4:e0ed:6da9:e26b:ccc7","Participant 24","6","3","2","2","2","3","2","4","2","5","7","‏לא התעצבנתי מאז הסקר האחרון","No","No","No","No","No","Yes","","2","4","2","2","7","2","2","2","3","2","2",
"04/16/2025 05:02PM","04/16/2025 05:05PM","04/16/2025 05:00PM - 04/16/2025 11:00PM",196.063,"8","1","Finished","67d2b7adc1ae9946c5720ac6","0.0","0.0","no","-","192.168.1.238","Participant 24","4","3","1","1","2","1","2","5","2","3","5","שנסענו הביתה מים המלח והיה לי ממש צפוף ","Yes","No","No","No","No","No","","2","2","3","3","5","2","2","3","2","2","1",
"04/15/2025 07:45PM","04/15/2025 07:47PM","04/15/2025 05:00PM - 04/15/2025 11:00PM",135.817,"2","1","Finished","67fcc400a36094aa3abb3d70","0.0","0.0","no","-","2a06:c701:4898:4800:10f0:5f96:eb18:5e31","Participant 25","1","6","1","1","1","1","5","5","1","6","2","שכאב לי הבטן","No","No","No","No","No","Yes","","1","1","1","1","7","1","1","4","1","2","1",
"04/18/2025 05:47PM","04/18/2025 05:49PM","04/18/2025 05:00PM - 04/18/2025 11:00PM",148.041,"5","1","Finished","67fcc400a36094aa3abb3d70","0.0","0.0","no","-","2a06:c701:48a0:5500:a014:7331:45e4:50fd","Participant 25","5","5","1","1","1","1","1","5","5","5","5","שאח שלי אפריע לי להכין שיעורי בית ","Yes","No","No","No","No","No","","1","2","1","1","6","1","1","5","2","2","1",
"04/20/2025 05:01PM","04/20/2025 05:02PM","04/20/2025 05:00PM - 04/20/2025 11:00PM",112.512,"7","1","Finished","67fcc400a36094aa3abb3d70","0.0","0.0","no","-","2a06:c701:48a0:5500:9c07:649b:fa15:97a0","Participant 25","2","5","1","2","1","1","2","5","5","5","5","שהייתי צריכה להישאר בפרטני","Yes","No","No","No","No","No","","1","1","1","1","7","1","1","5","2","2","1",
"04/21/2025 08:08PM","04/21/2025 08:11PM","04/21/2025 05:00PM - 04/21/2025 11:00PM",149.897,"8","1","Finished","67fcc400a36094aa3abb3d70","0.0","0.0","no","-","2a06:c701:48a0:5500:3d4c:af5b:1745:df0","Participant 25","1","5","1","5","1","6","2","2","1","7","5","שחברה הרביצה לי ","Yes","No","No","No","No","No","כעסתי על חברה כי היא הרביצה לי ","2","2","1","1","7","2","1","5","4","1","1",
"04/23/2025 07:01PM","04/23/2025 07:02PM","04/23/2025 05:00PM - 04/23/2025 11:00PM",80.234,"2","1","Finished","67fcc400a36094aa3abb3d70","0.0","0.0","no","-","10.0.0.8","Participant 25","2","5","1","4","1","1","5","5","5","5","4","כלום היום","No","No","No","No","No","Yes","","1","1","1","1","7","1","1","1","1","2","1",
"04/24/2025 08:16PM","04/24/2025 08:17PM","04/24/2025 05:00PM - 04/24/2025 11:00PM",70.273,"3","1","Finished","67fcc400a36094aa3abb3d70","0.0","0.0","no","-","2a06:c701:48ae:5c00:1c7a:4aef:9cbe:a5ac","Participant 25","5","5","1","1","1","1","5","5","5","5","5","לא היה לי ","Yes","No","No","No","No","No","","1","1","1","1","5","1","1","1","1","4","1",
"04/16/2025 06:31PM","04/16/2025 06:37PM","04/16/2025 05:00PM - 04/16/2025 11:00PM",364.019,"2","1","Finished","67fd190ca36094aa3abd746e","0.0","0.0","no","-","2a02:6680:200a:4ac3:d153:f432:4b8f:1a27","Participant 26","7","7","1","1","1","1","1","6","1","4","4","אח שלי הציק לי כשטיילנו כל המשפחה):","No","No","No","Yes","No","No","","1","1","1","2","5","2","3","2","4","1","2",
"04/17/2025 09:09PM","04/17/2025 09:16PM","04/17/2025 05:00PM - 04/17/2025 11:00PM",375.637,"3","1","Finished","67fd190ca36094aa3abd746e","0.0","0.0","no","-","2a02:6680:2005:fef2:a026:3368:1e29:e549","Participant 26","1","5","1","2","2","5","3","4","1","7","5","אח שלי מעצבן אותי כל הזמן ואני מרביצה לו או מאיימת עליו שאני אשבור לו את המחשב","No","No","No","No","No","No","בכיתי","1","7","4","5","6","1","2","1","2","2","5",
"04/18/2025 07:51PM","04/18/2025 07:55PM","04/18/2025 05:00PM - 04/18/2025 11:00PM",236.13,"4","1","Finished","67fd190ca36094aa3abd746e","0.0","0.0","no","-","2a02:6680:1100:74ec:a5cd:8d3c:c974:22df","Participant 26","2","5","1","1","1","1","5","5","7","7","4","היום חיפשתי לקבוע עם חברה וכולם לא היו פנויים והיה לי ממש משעמם וזה היה מעצבן ממש","No","No","No","No","No","No","בכיתי ","1","7","4","7","5","1","1","2","3","5","2",
"04/19/2025 07:30PM","04/19/2025 07:35PM","04/19/2025 05:00PM - 04/19/2025 11:00PM",279.678,"5","1","Finished","67fd190ca36094aa3abd746e","0.0","0.0","no","-","2a02:6680:1002:2cae:5dec:56e:8100:65c2","Participant 26","1","2","1","1","1","1","5","5","1","7","6","היום אני וחברה שלי הלכנו לחנות ממתקים שגם בשבת היא פתוחה אבל כשהגענו לא היה שם מוכר וחיכינו 45 דקות ואף אחת לא הגיע וזה עיצבן את שתינו","Yes","No","No","No","No","No","","1","5","2","4","7","1","1","2","6","5","5",
"04/20/2025 09:16PM","04/20/2025 09:20PM","04/20/2025 05:00PM - 04/20/2025 11:00PM",257.809,"6","1","Finished","67fd190ca36094aa3abd746e","0.0","0.0","no","-","2a02:6680:1001:619f:35c4:8cf1:21d4:83da","Participant 26","1","5","1","1","1","1","2","5","1","1","5","כלום","No","No","No","No","No","No","הייתה אי הבנה עם חברות שלי אז אני עוד שלוש בנות התעצבנו עליהן שהן לא יכולות לשחק בלי לריב ","1","5","2","1","6","1","2","1","2","4","4",
"04/21/2025 08:48PM","04/21/2025 08:52PM","04/21/2025 05:00PM - 04/21/2025 11:00PM",213.939,"7","1","Finished","67fd190ca36094aa3abd746e","0.0","0.0","no","-","2a02:6680:2005:f0a5:3c1d:ff5:394a:7fb4","Participant 26","1","5","1","1","1","1","2","5","1","4","4","שכמתי מהמיטה בבוקר ונזכרתי שנגמר החופש ושיש בית ספר!","No","No","No","No","No","No","כעסתי ממש כי רציתי לישון אצל חברה ביום שישי ואף אחת לא יכולה אז התעצבנתי אבל לא הראיתי את הכעס שלי אז אפשר להגיד שכעסתי בלב","1","5","2","2","6","3","2","1","2","2","4",
"04/22/2025 08:11PM","04/22/2025 08:17PM","04/22/2025 05:00PM - 04/22/2025 11:00PM",343.567,"8","1","Finished","67fd190ca36094aa3abd746e","0.0","0.0","no","-","2a02:6680:2008:e9a7:aca3:fa24:cac3:355e","Participant 26","1","4","1","1","1","1","2","6","1","1","4","עצבן אותי היה היום מבחן בשפה","No","No","No","No","No","No","התווכחתי","3","4","2","2","6","4","2","2","2","3","3",
"04/21/2025 07:53PM","04/21/2025 07:57PM","04/21/2025 05:00PM - 04/21/2025 11:00PM",226.363,"2","1","Finished","68050de13df92472ed356ada",,,"no","-","10.100.102.100","Participant 27","5","6","1","3","2","4","7","6","7","6","4","איחרתי לחוג","No","Yes","No","No","No","No","","1","5","4","4","7","1","2","1","3","3","3",
"04/22/2025 08:09PM","04/22/2025 08:12PM","04/22/2025 05:00PM - 04/22/2025 11:00PM",167.858,"3","1","Finished","68050de13df92472ed356ada",,,"no","-","10.100.102.22","Participant 27","5","7","1","1","1","1","5","6","5","5","4","מגמה שרציתי להתקבל אליה ואמרו שאני אמורה להתקבל אליה בסוף אמרה שלא התקבלתי ואני צריכה ללכת לראיון.","No","No","No","No","No","Yes","","1","6","4","3","7","4","4","2","1","1","1",
"04/23/2025 06:34PM","04/23/2025 06:37PM","04/23/2025 05:00PM - 04/23/2025 11:00PM",162.398,"4","1","Finished","68050de13df92472ed356ada",,,"no","-","10.100.102.22","Participant 27","2","3","1","1","4","1","7","5","4","4","3","התקבלתי לחטיבה שרציתי להתקבל אליה אבל ההורים שלי מעדיפים מגמה אחרת","Yes","No","No","No","No","No","","1","6","5","6","6","1","5","4","1","3","2",
"04/24/2025 07:09PM","04/24/2025 07:10PM","04/24/2025 05:00PM - 04/24/2025 11:00PM",98.96,"5","1","Finished","68050de13df92472ed356ada",,,"no","-","10.100.102.22","Participant 27","7","7","1","1","1","1","7","6","6","5","3","לא התעצבנתי היום ","No","No","No","No","No","Yes","","1","2","2","2","7","1","1","1","2","1","1",
"04/26/2025 10:04PM","04/26/2025 10:07PM","04/26/2025 05:00PM - 04/26/2025 11:00PM",186.75,"7","1","Finished","68050de13df92472ed356ada",,,"no","-","10.100.102.22","Participant 27","5","6","1","2","1","1","7","6","6","4","3","שאני צריכה לישון מוקדם","No","No","No","No","No","Yes","","1","2","1","1","7","2","2","1","2","1","1",
"04/21/2025 05:34PM","04/21/2025 05:39PM","04/21/2025 05:00PM - 04/21/2025 11:00PM",333.435,"2","1","Finished","6805314a3df92472ed37bbf5","0.0","0.0","no","-","10.100.102.5","Participant 28","5","5","1","1","4","1","6","7","7","5","2","ילדים בכיתה, כאבי ראש ומזג אויר חם ","Yes","No","No","No","No","No","","4","5","6","4","5","5","3","3","5","3","4",
"04/22/2025 09:27PM","04/22/2025 09:32PM","04/22/2025 05:00PM - 04/22/2025 11:00PM",278.888,"3","1","Finished","6805314a3df92472ed37bbf5","0.0","0.0","no","-","10.100.102.5","Participant 28","7","4","2","5","6","5","5","4","6","6","4","בעיקר אנשים טיפשים, קיץ והמלחמה","Yes","No","No","No","No","No","","6","6","7","6","4","5","5","7","6","1","4",
"04/23/2025 07:24PM","04/23/2025 07:28PM","04/23/2025 05:00PM - 04/23/2025 11:00PM",238.09,"4","1","Finished","6805314a3df92472ed37bbf5","0.0","0.0","no","-","10.100.102.5","Participant 28","7","5","1","4","5","4","4","5","5","6","3","המזג אויר, שיעור ספורט ודיספוריה מגדרית ","Yes","No","No","No","No","No","","3","6","7","5","4","6","5","5","7","3","5",
"04/26/2025 10:07PM","04/26/2025 10:09PM","04/26/2025 05:00PM - 04/26/2025 11:00PM",134.453,"7","1","Finished","6805314a3df92472ed37bbf5","0.0","0.0","no","-","10.100.102.5","Participant 28","6","4","2","6","7","6","6","5","5","5","4","החיים בכלליות","Yes","No","Yes","No","No","No","","3","5","6","7","6","4","6","4","5","4","6",
"04/27/2025 07:35PM","04/27/2025 07:38PM","04/27/2025 05:00PM - 04/27/2025 11:00PM",153.837,"8","1","Finished","6805314a3df92472ed37bbf5","0.0","0.0","no","-","2a02:14f:385:f887:1506:2f30:f5e1:e520","Participant 28","7","5","2","5","4","1","7","6","5","6","3","בית ספר","Yes","No","Yes","No","No","No","","5","4","5","5","5","3","5","3","5","5","5",
"04/24/2025 05:16PM","04/24/2025 05:19PM","04/24/2025 05:00PM - 04/24/2025 11:00PM",128.422,"2","1","Finished","6808c9c908fd725220663a4a","0.0","0.0","no","-","10.0.0.9","Participant 29","1","2","1","1","1","1","4","5","4","2","2","שהמורה שלי העירה לי על הלבוש","No","No","No","No","No","Yes","","2","2","1","1","4","1","1","1","1","1","1",
"04/25/2025 05:19PM","04/25/2025 05:21PM","04/25/2025 05:00PM - 04/25/2025 11:00PM",118.368,"3","1","Finished","6808c9c908fd725220663a4a","0.0","0.0","no","-","10.0.0.9","Participant 29","1","3","1","3","1","1","1","3","2","1","1","שאני צריכה לשחק את המשחק הזה ","Yes","Yes","No","No","No","No","","4","2","3","1","3","1","1","1","1","2","1",
"04/26/2025 05:58PM","04/26/2025 05:59PM","04/26/2025 05:00PM - 04/26/2025 11:00PM",82.482,"4","1","Finished","6808c9c908fd725220663a4a","0.0","0.0","no","-","10.0.0.9","Participant 29","2","5","1","1","1","1","1","6","1","7","1","שהייתי צריכה לעשות שיעורי בית ","No","No","No","No","No","Yes","","4","1","1","1","3","1","1","4","1","1","1",
"04/27/2025 05:45PM","04/27/2025 05:46PM","04/27/2025 05:00PM - 04/27/2025 11:00PM",79.659,"5","1","Finished","6808c9c908fd725220663a4a","0.0","0.0","no","-","2a06:c701:432a:ea00:c9f5:89be:d8b1:335b","Participant 29","1","1","1","4","1","3","1","1","1","1","1","רבתי עם אמא שלי ","Yes","Yes","No","No","Yes","No","","7","7","1","1","1","1","1","1","1","1","2",
"04/28/2025 07:01PM","04/28/2025 07:02PM","04/28/2025 05:00PM - 04/28/2025 11:00PM",79.188,"6","1","Finished","6808c9c908fd725220663a4a","0.0","0.0","no","-","10.0.0.9","Participant 29","1","3","1","1","1","1","1","7","2","4","1","שהייתי צריכה ללכת לבית ספר","Yes","No","No","No","No","No","","3","1","1","2","3","1","1","1","1","1","1",
"04/29/2025 06:08PM","04/29/2025 06:10PM","04/29/2025 05:00PM - 04/29/2025 11:00PM",123.539,"7","1","Finished","6808c9c908fd725220663a4a","0.0","0.0","no","-","10.0.0.9","Participant 29","2","3","1","4","1","4","3","3","2","3","1","שהייתי צריכה ללכת לקנות משהו ולא היה לי כוח ","Yes","No","No","No","No","No","","5","5","2","2","2","1","1","1","1","1","1",
"04/30/2025 06:05PM","04/30/2025 06:06PM","04/30/2025 05:00PM - 04/30/2025 11:00PM",89.726,"8","1","Finished","6808c9c908fd725220663a4a","0.0","0.0","no","-","2a02:6680:1004:1562:c915:ce47:35b5:69b3","Participant 29","1","4","1","3","1","2","1","4","4","4","2","שאני צריכה לעשות את המשחק הזה, שביטלו את יום העצמות בגלל שריפות ","Yes","Yes","No","No","No","No","","7","7","2","1","2","1","1","1","1","3","1",
"04/24/2025 05:03PM","04/24/2025 05:06PM","04/24/2025 05:00PM - 04/24/2025 11:00PM",145.753,"2","1","Finished","68092b2c7d7dd49024ad7a52","0.0","0.0","no","-","10.0.0.5","Participant 30","2","2","4","1","1","5","1","1","1","2","1","ילדים הצבנו אותי בכיתה","Yes","Yes","No","No","No","No","","3","5","5","3","3","5","2","5","4","7","1",
"04/25/2025 07:44PM","04/25/2025 07:47PM","04/25/2025 05:00PM - 04/25/2025 11:00PM",173.876,"3","1","Finished","68092b2c7d7dd49024ad7a52","0.0","0.0","no","-","10.0.0.4","Participant 30","5","5","1","1","1","2","7","5","5","4","3","חברה שלי נתנה לילדים לעקוף אותנו בתור למרות שהיינו ראשונות","No","No","No","No","No","Yes","","2","4","3","4","7","1","1","1","7","5","7",
"04/26/2025 07:46PM","04/26/2025 07:48PM","04/26/2025 05:00PM - 04/26/2025 11:00PM",110.379,"4","1","Finished","68092b2c7d7dd49024ad7a52","0.0","0.0","no","-","10.0.0.4","Participant 30","2","5","1","1","1","2","1","7","3","7","7","לא היה פן באמבטיה של הקאנטרי","Yes","Yes","No","No","No","No","","2","6","2","1","5","1","1","5","2","3","1",
"04/27/2025 05:07PM","04/27/2025 05:08PM","04/27/2025 05:00PM - 04/27/2025 11:00PM",80.368,"5","1","Finished","68092b2c7d7dd49024ad7a52","0.0","0.0","no","-","10.0.0.5","Participant 30","2","2","5","5","1","3","5","1","2","2","1","המורה נתנה מלא שיעורים","Yes","No","No","No","No","No","","2","5","5","3","6","1","2","6","2","5","2",
"04/28/2025 07:43PM","04/28/2025 07:45PM","04/28/2025 05:00PM - 04/28/2025 11:00PM",113.884,"6","1","Finished","68092b2c7d7dd49024ad7a52","0.0","0.0","no","-","2a06:c701:40ce:bf00:6034:c764:ebc9:35c3","Participant 30","3","2","6","4","4","5","6","3","5","1","7","היה לי בוחן","No","No","No","No","No","Yes","","5","2","2","2","2","1","2","7","2","2","4",
"04/29/2025 10:01PM","04/29/2025 10:03PM","04/29/2025 05:00PM - 04/29/2025 11:00PM",90.681,"7","1","Finished","68092b2c7d7dd49024ad7a52","0.0","0.0","no","-","10.0.0.1","Participant 30","1","1","1","4","6","7","1","1","1","1","1","ילדים בכיתה ","Yes","No","No","No","No","No","","1","1","7","7","1","1","1","7","6","5","1",
"04/30/2025 06:56PM","04/30/2025 06:57PM","04/30/2025 05:00PM - 04/30/2025 11:00PM",85.003,"8","1","Finished","68092b2c7d7dd49024ad7a52","0.0","0.0","no","-","10.0.0.1","Participant 30","6","1","1","6","1","1","7","6","1","5","1","הייתי בפסיכולוגית","Yes","No","No","No","No","No","","1","1","1","1","6","1","1","1","7","6","5",
"04/26/2025 07:55PM","04/26/2025 08:00PM","04/26/2025 05:00PM - 04/26/2025 11:00PM",308.498,"3","1","Finished","680a5410bfb1db72cb906821",,,"no","-","192.168.68.101","Participant 31","3","7","1","3","1","3","5","7","2","4","6","כשאחותי ניצחה אותי בפינג פונג והשוויצה בזה","No","No","No","No","No","Yes","","6","5","5","1","6","2","1","3","1","6","4",
"04/27/2025 09:09PM","04/27/2025 09:15PM","04/27/2025 05:00PM - 04/27/2025 11:00PM",359.131,"4","1","Finished","680a5410bfb1db72cb906821",,,"no","-","192.168.68.101","Participant 31","3","3","1","6","2","4","3","5","5","6","3","לא התעצבנתי בכלל","Yes","No","No","No","No","No","","2","4","3","2","3","3","3","2","5","4","5",
"04/29/2025 09:34PM","04/29/2025 09:39PM","04/29/2025 05:00PM - 04/29/2025 11:00PM",268.834,"6","1","Finished","680a5410bfb1db72cb906821",,,"no","-","192.168.68.102","Participant 31","3","3","1","4","3","2","4","6","2","5","5","שום דבר","No","No","No","No","No","Yes","","2","4","3","2","6","1","1","2","2","3","3",
"04/30/2025 07:07PM","04/30/2025 07:13PM","04/30/2025 05:00PM - 04/30/2025 11:00PM",373.831,"7","1","Finished","680a5410bfb1db72cb906821",,,"no","-","192.168.68.102","Participant 31","3","5","3","3","2","3","4","5","5","3","4","שום דבר","No","No","No","No","No","Yes","","3","3","2","3","6","2","2","2","3","4","2",
"05/01/2025 09:43PM","05/01/2025 09:46PM","05/01/2025 05:00PM - 05/01/2025 11:00PM",187.754,"8","1","Finished","680a5410bfb1db72cb906821",,,"no","-","192.168.68.102","Participant 31","2","5","1","2","4","2","3","6","3","5","6","שאנשים נדחפו לי באמצע משחק במוזיאון המדע","No","No","No","No","No","No","התעצבנתי ועזבתי את המקום","3","5","5","2","3","3","3","3","3","5","4",
"04/29/2025 05:31PM","04/29/2025 05:34PM","04/29/2025 05:00PM - 04/29/2025 11:00PM",193.623,"2","1","Finished","680fa8575a3f3054a0530411","0.0","0.0","no","-","192.168.1.136","Participant 32","5","7","1","3","1","1","4","7","5","6","5","‏כלום","No","No","No","No","No","Yes","","1","1","1","1","7","1","1","1","3","1","1",
"04/30/2025 05:24PM","04/30/2025 05:27PM","04/30/2025 05:00PM - 04/30/2025 11:00PM",185.959,"3","1","Finished","680fa8575a3f3054a0530411","0.0","0.0","no","-","192.168.1.136","Participant 32","5","5","1","6","1","1","5","6","5","4","5","אמא יכולתי לעשות משהו לא כייפי","No","No","No","No","No","Yes","","4","4","4","1","4","1","1","1","1","1","1",
"05/01/2025 06:37PM","05/01/2025 06:40PM","05/01/2025 05:00PM - 05/01/2025 11:00PM",193.745,"4","1","Finished","680fa8575a3f3054a0530411","0.0","0.0","no","-","2a02:14f:398:29d2:4dfa:a8f0:d058:6b8f","Participant 32","5","4","1","5","1","4","5","3","5","5","2","‏אמא לא הסכימה לי לאכול גלידה","Yes","Yes","No","No","No","No","","1","6","5","1","5","1","1","1","1","5","1",
"05/02/2025 08:46PM","05/02/2025 08:49PM","05/02/2025 05:00PM - 05/02/2025 11:00PM",149.975,"5","1","Finished","680fa8575a3f3054a0530411","0.0","0.0","no","-","2a0d:6fc7:721:6eb9:907e:f643:f12a:7721","Participant 32","5","7","1","2","1","1","5","7","3","1","4","‏ המשחק זה עיגול צריך ללחוץ על ימין ושמאל","No","No","No","No","No","Yes","","1","1","1","1","7","1","1","5","1","1","1",
"05/03/2025 08:25PM","05/03/2025 08:27PM","05/03/2025 05:00PM - 05/03/2025 11:00PM",112.706,"6","1","Finished","680fa8575a3f3054a0530411","0.0","0.0","no","-","192.168.1.136","Participant 32","5","6","1","1","1","1","5","7","5","1","5","כלום ","No","No","No","No","No","Yes","","1","1","1","1","7","1","1","1","1","1","1",
"05/04/2025 06:50PM","05/04/2025 06:52PM","05/04/2025 05:00PM - 05/04/2025 11:00PM",119.172,"7","1","Finished","680fa8575a3f3054a0530411","0.0","0.0","no","-","2a02:14f:395:473c:85ab:479b:5215:6795","Participant 32","5","6","1","1","1","1","5","7","4","2","5","כלום ","No","No","No","No","No","Yes","","1","1","2","1","7","1","1","1","1","1","1",
"05/05/2025 06:23PM","05/05/2025 06:25PM","05/05/2025 05:00PM - 05/05/2025 11:00PM",156.033,"8","1","Finished","680fa8575a3f3054a0530411","0.0","0.0","no","-","169.254.92.195","Participant 32","5","6","1","1","1","1","5","7","5","1","5","‏אחותי הקטנה","Yes","No","No","No","No","No","","1","1","1","1","7","1","1","1","1","1","1",
"05/06/2025 05:46PM","05/06/2025 05:50PM","05/06/2025 05:00PM - 05/06/2025 11:00PM",231.706,"2","1","Finished","6817a3d05a3f3054a0998aa6","0.0","0.0","no","-","192.168.7.90","Participant 33","7","1","1","1","1","1","3","5","1","1","5","יצא לי להתווכח עם ילד מהכיתה על דעות פוליטיות, היה מאוד מעצבן ולא היה מוכן להקשיב לשום דבר","No","No","No","No","No","Yes","","2","1","6","6","5","1","6","2","1","4","5",
"05/07/2025 09:04PM","05/07/2025 09:07PM","05/07/2025 05:00PM - 05/07/2025 11:00PM",186.804,"3","1","Finished","6817a3d05a3f3054a0998aa6","0.0","0.0","no","-","192.168.1.9","Participant 33","2","7","1","1","2","3","5","6","7","5","6","היה לנו מבחן במתמטיקה שלדעתי היה ממש לא הוגן והמורה לא הסכימה לענות לנו על שום דבר, גם דברים שממש הגיוני שהיא תגיד לנו","No","No","No","No","No","Yes","","1","5","5","1","5","1","1","1","5","5","2",
"05/08/2025 10:08PM","05/08/2025 10:11PM","05/08/2025 05:00PM - 05/08/2025 11:00PM",167.613,"4","1","Finished","6817a3d05a3f3054a0998aa6","0.0","0.0","no","-","192.168.1.12","Participant 33","2","5","1","1","1","1","6","3","7","3","6","היום בא אלינו לבית ספר בחור להעביר לנו משהו והוא עושה קונג פו ואני עושה קראטה והוא התייחס אליי ממש בזלזול לגבי זה וזה היה ככ מעצבן. גם לדעתי קראטה הרבה יותר טוב בלי קשר","No","No","No","No","No","Yes","","1","5","5","1","6","2","2","2","4","7","1",
"05/10/2025 08:22PM","05/10/2025 08:24PM","05/10/2025 05:00PM - 05/10/2025 11:00PM",95.184,"6","1","Finished","6817a3d05a3f3054a0998aa6","0.0","0.0","no","-","192.168.1.15","Participant 33","5","6","1","1","1","1","2","6","2","2","7","לא עצבן אותי משהו היום","No","No","No","No","No","Yes","","1","5","1","1","5","2","2","1","1","6","3",
"05/11/2025 10:04PM","05/11/2025 10:07PM","05/11/2025 05:00PM - 05/11/2025 11:00PM",194.462,"7","1","Finished","6817a3d05a3f3054a0998aa6","0.0","0.0","no","-","192.168.1.16","Participant 33","3","1","1","1","1","1","4","6","2","6","4","באה אלינו היום מורה מחליפה שהייתה מחרפנת ממש ואני וחברים התעצבנו עליה, לא לגמרי מולה אבל כן לידה והיא שמעה","Yes","No","No","No","No","No","","2","5","5","1","5","2","2","1","1","5","7",
"05/12/2025 06:25PM","05/12/2025 06:28PM","05/12/2025 05:00PM - 05/12/2025 11:00PM",140.02,"8","1","Finished","6817a3d05a3f3054a0998aa6","0.0","0.0","no","-","192.168.1.18","Participant 33","1","5","1","1","1","1","5","3","6","4","6","היום בפעולה כל הילדים היו ממש מעצבנים והמדריכים נתנו לי את ההערות הכי לא קשורות על ההדרכה אז זה ממש עצבן אותי","Yes","No","No","No","No","No","","1","6","5","4","5","1","2","2","1","6","5",
"05/07/2025 06:53PM","05/07/2025 06:58PM","05/07/2025 05:00PM - 05/07/2025 11:00PM",267.258,"2","1","Finished","6819f02b07710cff0aae5e9b","0.0","0.0","no","-","192.168.1.128","Participant 34","2","2","1","3","1","3","2","2","3","1","2","שבקשתי מחברה שלי שתעזור לי לקום כשגמרנו בחוג ריקוד ולא היה לי כוח ואז אני עזבה בכוונה באמצע ודפקתי את היה קצת בקיר","No","No","No","No","No","Yes","","3","4","4","3","5","1","1","3","3","2","6",
"05/08/2025 05:03PM","05/08/2025 05:07PM","05/08/2025 05:00PM - 05/08/2025 11:00PM",240.577,"3","1","Finished","6819f02b07710cff0aae5e9b","0.0","0.0","no","-","2a0d:6fc2:5ce1:3b00:d403:3804:90d4:e44e","Participant 34","1","2","1","1","1","1","3","3","3","3","5","שבאוטובוס תפסו לי את המקום","No","No","No","No","No","Yes","","1","3","3","3","5","1","1","2","2","2","1",
"05/09/2025 05:17PM","05/09/2025 05:21PM","05/09/2025 05:00PM - 05/09/2025 11:00PM",235.718,"4","1","Finished","6819f02b07710cff0aae5e9b","0.0","0.0","no","-","2a0d:6fc2:5ce1:3b00:2594:554c:b51d:6957","Participant 34","1","2","1","1","1","1","1","3","2","3","5","שהייתה אזעקה בזמן שלא היה לי נוח כלכך","No","No","No","No","No","Yes","","1","2","2","1","5","2","3","2","4","2","1",
"05/10/2025 08:18PM","05/10/2025 08:23PM","05/10/2025 05:00PM - 05/10/2025 11:00PM",267.521,"5","1","Finished","6819f02b07710cff0aae5e9b","0.0","0.0","no","-","192.168.1.128","Participant 34","4","2","1","3","1","2","2","4","3","5","5","שאחותי ואני שיחקנו במשהו וסידרתי בערך הכל לבד","Yes","No","No","No","No","No","","1","2","2","1","5","2","2","3","3","2","3",
"05/11/2025 09:13PM","05/11/2025 09:18PM","05/11/2025 05:00PM - 05/11/2025 11:00PM",290.443,"6","1","Finished","6819f02b07710cff0aae5e9b","0.0","0.0","no","-","192.168.1.128","Participant 34","1","1","1","1","2","1","1","3","1","1","4","שנגמרה העוגה של היומולדת שלי","No","No","No","No","No","Yes","","1","2","2","1","6","1","3","2","3","2","2",
"05/12/2025 09:01PM","05/12/2025 09:05PM","05/12/2025 05:00PM - 05/12/2025 11:00PM",216.165,"7","1","Finished","6819f02b07710cff0aae5e9b","0.0","0.0","no","-","2a0d:6fc2:5ce1:3b00:c15e:93a6:4e90:e02f","Participant 34","6","1","1","1","1","1","3","5","5","4","5","שכואב לי ביד😢😢😢","No","No","No","No","No","Yes","","1","1","2","2","5","1","1","2","3","2","2",
"05/13/2025 09:30PM","05/13/2025 09:36PM","05/13/2025 05:00PM - 05/13/2025 11:00PM",337.219,"8","1","Finished","6819f02b07710cff0aae5e9b","0.0","0.0","no","-","2a0d:6fc2:5ce1:3b00:6d45:8d24:e1fa:48b5","Participant 34","2","1","1","2","1","2","2","3","2","1","4","שהייתי ממש רעבה וכשסוף סוף אכלתי כאבה לי הבטן","Yes","No","No","No","No","No","","1","1","2","2","6","1","2","3","4","2","3",
"05/08/2025 05:33PM","05/08/2025 05:40PM","05/08/2025 05:00PM - 05/08/2025 11:00PM",405.664,"2","1","Finished","681b14b207710cff0ab7d8e6","0.0","0.0","no","-","10.100.102.132","Participant 35","2","3","4","4","3","4","4","5","2","1","1","שלא הקשיבו לי שניתקו לי שיחה בטלפון ","Yes","No","No","No","Yes","No","ניתקתי שיחה בטלפון","5","5","1","1","4","1","1","4","3","4","4",
"05/09/2025 07:57PM","05/09/2025 08:01PM","05/09/2025 05:00PM - 05/09/2025 11:00PM",225.512,"3","1","Finished","681b14b207710cff0ab7d8e6","0.0","0.0","no","-","10.100.102.132","Participant 35","1","4","1","3","1","3","3","3","2","2","1","שלא הקשיבו לי","Yes","No","No","No","No","No","","1","4","1","1","5","1","1","2","3","4","3",
"05/10/2025 08:12PM","05/10/2025 08:16PM","05/10/2025 05:00PM - 05/10/2025 11:00PM",228.729,"4","1","Finished","681b14b207710cff0ab7d8e6","0.0","0.0","no","-","10.100.102.132","Participant 35","2","4","2","3","1","2","2","5","3","4","2","שהייתי צריכה שיבואו איתי לים","Yes","No","No","No","No","No","","2","2","1","1","6","1","1","3","3","4","3",
"05/11/2025 08:19PM","05/11/2025 08:26PM","05/11/2025 05:00PM - 05/11/2025 11:00PM",395.685,"5","1","Finished","681b14b207710cff0ab7d8e6","0.0","0.0","no","-","10.100.102.132","Participant 35","1","4","1","3","1","3","2","4","4","4","3","שהחמיאו לאחותי ולא לי","Yes","No","Yes","No","No","No","","5","4","1","1","5","1","1","4","4","3","3",
"05/12/2025 08:30PM","05/12/2025 08:34PM","05/12/2025 05:00PM - 05/12/2025 11:00PM",213.731,"6","1","Finished","681b14b207710cff0ab7d8e6","0.0","0.0","no","-","10.100.102.132","Participant 35","2","2","1","1","1","1","2","4","2","1","1","לתקן שיעורי בית","No","No","No","No","No","Yes","דיברתי קצת בקול רעם","1","2","1","1","5","1","1","2","3","2","1",
"05/13/2025 07:55PM","05/13/2025 07:59PM","05/13/2025 05:00PM - 05/13/2025 11:00PM",242.529,"7","1","Finished","681b14b207710cff0ab7d8e6","0.0","0.0","no","-","10.100.102.132","Participant 35","1","5","1","1","3","2","3","3","4","4","2","שלא נתנו לי ולגדוד שלי הבנות משם לשחק כדורגל בצופים","Yes","No","No","No","No","No","","4","4","1","1","3","1","1","4","4","3","3",
"05/14/2025 08:14PM","05/14/2025 08:18PM","05/14/2025 05:00PM - 05/14/2025 11:00PM",244.124,"8","1","Finished","681b14b207710cff0ab7d8e6","0.0","0.0","no","-","10.100.102.132","Participant 35","3","3","1","3","1","2","3","3","3","3","3","שאומרים שאני צועקת ואני לא צועקת ","No","No","No","No","Yes","No","התעצבנתי ","1","3","1","1","4","1","1","3","3","4","3",
"05/11/2025 08:59PM","05/11/2025 09:04PM","05/11/2025 05:00PM - 05/11/2025 11:00PM",298.67,"2","1","Finished","681f7ac874c048e933376c9c",,,"no","-","10.100.102.118","Participant 36","1","5","1","5","1","5","5","6","2","3","2","לעשות תיקון מבחן כשדיברתי הווצפ","No","No","No","No","No","No","הלכתי לחדר בכעס","2","7","6","6","5","1","2","4","5","1","7",
"05/12/2025 08:10PM","05/12/2025 08:13PM","05/12/2025 05:00PM - 05/12/2025 11:00PM",184.725,"3","1","Finished","681f7ac874c048e933376c9c",,,"no","-","10.100.102.118","Participant 36","1","6","1","1","6","5","3","7","7","3","7","אין","No","No","No","No","No","Yes","","1","6","1","1","7","1","2","6","6","5","6",
"05/13/2025 10:16PM","05/13/2025 10:19PM","05/13/2025 05:00PM - 05/13/2025 11:00PM",206.347,"4","1","Finished","681f7ac874c048e933376c9c",,,"no","-","10.100.102.118","Participant 36","1","5","2","7","5","6","1","1","4","2","2","עומר(אח שלי הקטן)","No","No","No","No","No","Yes","","1","4","1","3","7","1","1","6","5","6","5",
"05/14/2025 08:56PM","05/14/2025 08:58PM","05/14/2025 05:00PM - 05/14/2025 11:00PM",138.389,"5","1","Finished","681f7ac874c048e933376c9c",,,"no","-","192.168.10.160","Participant 36","3","2","1","5","4","3","3","1","5","1","4","אין","No","No","No","No","No","No","בלב ","6","1","1","2","3","1","1","6","2","1","1",
"05/15/2025 05:38PM","05/15/2025 05:42PM","05/15/2025 05:00PM - 05/15/2025 11:00PM",264.844,"6","1","Finished","681f7ac874c048e933376c9c",,,"no","-","10.100.102.118","Participant 36","1","5","1","4","1","5","1","3","1","1","1","אין","No","No","No","No","No","Yes","","6","6","5","2","3","1","1","2","5","3","1",
"05/17/2025 05:21PM","05/17/2025 05:23PM","05/17/2025 05:00PM - 05/17/2025 11:00PM",100.953,"8","1","Finished","681f7ac874c048e933376c9c",,,"no","-","10.100.102.118","Participant 36","1","6","1","5","7","7","2","1","4","1","1","אמא","Yes","No","No","No","No","No","","7","6","3","2","1","1","5","6","6","1","1",
"05/15/2025 05:24PM","05/15/2025 05:28PM","05/15/2025 05:00PM - 05/15/2025 11:00PM",246.188,"2","1","Finished","6824cf31cb06a519030d0590",,,"no","-","10.100.102.123","Participant 37","2","7","1","1","1","1","7","7","7","7","4","לא התעצבנתי🌷🧘🏻‍♀️","No","No","No","No","No","Yes","","1","1","1","1","7","1","1","1","1","1","1",
"05/16/2025 06:14PM","05/16/2025 06:17PM","05/16/2025 05:00PM - 05/16/2025 11:00PM",184.773,"3","1","Finished","6824cf31cb06a519030d0590",,,"no","-","100.105.115.169","Participant 37","7","7","1","1","1","1","7","7","7","7","6","אני אצל חברים של אמא שלי ושני הילדים שלהם משחקים מעלי😶‍🌫️","No","No","No","No","No","Yes","","1","1","1","1","7","1","1","1","1","1","1",
"05/18/2025 05:35PM","05/18/2025 05:36PM","05/18/2025 05:00PM - 05/18/2025 11:00PM",99.111,"5","1","Finished","6824cf31cb06a519030d0590",,,"no","-","10.100.102.123","Participant 37","7","7","1","1","1","1","7","7","7","7","6","לא התעצבנתי","No","No","No","No","No","Yes","","1","1","1","1","7","1","1","1","1","1","1",
"05/19/2025 05:42PM","05/19/2025 05:43PM","05/19/2025 05:00PM - 05/19/2025 11:00PM",64.043,"6","1","Finished","6824cf31cb06a519030d0590",,,"no","-","10.100.102.123","Participant 37","7","7","1","1","1","1","7","7","7","7","6","לא התעצבנתי","No","No","No","No","No","Yes","","1","1","1","1","7","1","1","1","1","1","1",
"05/20/2025 06:23PM","05/20/2025 06:24PM","05/20/2025 05:00PM - 05/20/2025 11:00PM",68.925,"7","1","Finished","6824cf31cb06a519030d0590",,,"no","-","10.100.102.123","Participant 37","7","7","1","1","1","1","7","7","7","7","6","לא התעצבנתי היום","No","No","No","No","No","Yes","","1","1","1","1","7","1","1","1","1","1","1",
"05/21/2025 07:18PM","05/21/2025 07:20PM","05/21/2025 05:00PM - 05/21/2025 11:00PM",140.121,"8","1","Finished","6824cf31cb06a519030d0590",,,"no","-","10.100.102.123","Participant 37","7","7","1","1","1","1","7","7","7","7","6","אני לא מרגישה טוב ( אני חולה )🤮🤒","No","No","No","No","No","Yes","","1","1","1","1","5","1","1","1","1","1","1",
"05/21/2025 08:11PM","05/21/2025 08:17PM","05/21/2025 05:00PM - 05/21/2025 11:00PM",357.052,"2","1","Finished","682b653535b7c8e896a76f5a",,,"no","-","10.115.7.3","Participant 38","1","6","1","1","4","1","6","4","6","4","3","כשניסיתי לחפש מידע למישמת בית ספר ולא מצאתי ","No","No","No","No","No","No","לא היתפרצתי אני הפסקתי לנסות ","3","6","7","4","4","5","6","6","6","1","1",
"05/22/2025 09:09PM","05/22/2025 09:13PM","05/22/2025 05:00PM - 05/22/2025 11:00PM",235.939,"3","1","Finished","682b653535b7c8e896a76f5a",,,"no","-","10.115.7.3","Participant 38","3","5","1","3","4","3","3","6","5","7","4","אבא שלי מהבוקר","No","No","No","No","No","Yes","שתקתי כרגיל ","3","5","6","6","3","6","6","6","7","4","4",
"05/23/2025 08:13PM","05/23/2025 11:03PM","05/23/2025 05:00PM - 05/23/2025 11:00PM",10154.889,"4","1","Finished","682b653535b7c8e896a76f5a",,,"no","-",,"Participant 38","3","3","1","6","5","2","5","4","5","7","5","לא מצאתי את הטלפון שלי","No","No","No","No","No","Yes","התנהגתי לא יפה כלפי אמא שלי","4","6","7","7","3","6","6","6","7","7","6",
"05/26/2025 08:51PM","05/26/2025 11:03PM","05/26/2025 05:00PM - 05/26/2025 11:00PM",7923.948,"7","1","Finished","682b653535b7c8e896a76f5a",,,"no","-",,"Participant 38","3","7","1","5","4","1","6","5","6","5","3","ילד מהכיתה הזיז את השולחן שלי ","No","No","No","No","No","No","אמרתי בקול לילדים להפסיק כשהם עיצבנו אותי","4","5","6","6","4","5","6","6","6","6","6",
"05/27/2025 09:17PM","05/27/2025 11:04PM","05/27/2025 05:00PM - 05/27/2025 11:00PM",6384.137,"8","1","Finished","682b653535b7c8e896a76f5a",,,"no","-",,"Participant 38","3","4","1","2","4","2","5","4","5","3","4","כלום","No","No","No","No","No","Yes","","5","5","6","6","2","7","7","6","5","6","4",