,,,,,,,,,,,,"Survey","Participant","Question 1","Question 2","Question 3","Question 4","{{Q://Q5/ChoiceTextEntryValue}}","Question 6","Question 7","{{Q://Q8/ChoiceTextEntryValue}}.1","{{Q://Q8/ChoiceTextEntryValue}}.2","{{Q://Q8/ChoiceTextEntryValue}}.3","{{Q://Q8/ChoiceTextEntryValue}}.4","{{Q://Q8/ChoiceTextEntryValue}}.5","{{Q://Q8/ChoiceTextEntryValue}}.6","{{Q://Q8/ChoiceTextEntryValue}}.7","Question 9","Question 10","Question 11","Question 12","Question 13","Question 14","Question 15","Question 16","Question 17","Question 18","Question 19","Question 20","Question 21"
,,,,,,,,,,,,,"Question Text","מאז הסקר האחרון, היה לי קשה להפסיק לעשות משהו אחרי שביקשו ממני להפסיק (לדוגמה כשמורים מבקשים ממני להפסיק לדבר בכיתה או כשאמא מבקש ממני להפסיק להיות מול המסך)","מאז הסקר האחרון, יצא שאמרתי את הדבר הראשון שעלה לי לראש מבלי לעצור ולחשוב","ברגע זה, אני מרגישה חסר מנוחה","מאז הסקר האחרון, דעתי הוסחה בקלות"," תני דוגמה למשהו שעצבן אותך היום (אפשר גם להקליט תשובה)","מאז הסקר האחרון, כעסתי או התעצבנתי כשדברים קרו לא כמו שרציתי","מאז הסקר האחרון, הרגשתי מתוסכלת",":מאז הסקר האחרון, התפרצתי בכעס באחת או יותר מהדרכים הבאות",":מאז הסקר האחרון, התפרצתי בכעס באחת או יותר מהדרכים הבאות",":מאז הסקר האחרון, התפרצתי בכעס באחת או יותר מהדרכים הבאות",":מאז הסקר האחרון, התפרצתי בכעס באחת או יותר מהדרכים הבאות",":מאז הסקר האחרון, התפרצתי בכעס באחת או יותר מהדרכים הבאות",":מאז הסקר האחרון, התפרצתי בכעס באחת או יותר מהדרכים הבאות",":מאז הסקר האחרון, התפרצתי בכעס באחת או יותר מהדרכים הבאות","ברגע זה, אני מרגישה מרוגזת או כועסת","מאז הסקר האחרון, הרגשתי מודאגת או מפוחדת","ברגע זה, אני מרגישה פחד או לחץ","מאז הסקר האחרון, אמא שלי התעצבנה או צעקה עליי","מאז הסקר האחרון, אמא שלי העביר עליי ביקורת","מאז הסקר האחרון, אמא שלי הסכימה לכל מה שרציתי","מאז הסקר האחרון, שיתפתי את אמא שלי ברגשות/תחושות שלי (שאני שמחה / עצובה / כועסת / עצבנית / שקרה לי משהו מרגש היום)","מאז הסקר האחרון, אמא שלי היה סבלנית כלפיי","מאז הסקר האחרון, אמא שלי איימה להעניש אותי אבל לא עשתה זאת","מאז הסקר האחרון, עצבנתי את אמא שלי","מאז הסקר האחרון, אמא שלי החמיאה לי כשעשיתי משהו בצורה טובה","מאז הסקר האחרון, הרגשתי עצובה או מדוכאת","ברגע זה, אני מרגישה טוב"
,,,,,,,,,,,,,"Response Type","Scale","Scale","Scale","Scale","Text","Scale","Scale","Multiple selection","Multiple selection","Multiple selection","Multiple selection","Multiple selection","Multiple selection","Multiple selection","Scale","Scale","Scale","Scale","Scale","Scale","Scale","Scale","Scale","Scale","Scale","Scale","Scale"
"Start Date","End Date","Time Scheduled","Duration (in seconds)","Day of Survey","Occasion within Day","Finished","Participant ID","Location - Lat","Location - Long","No Login","Group Code","ip address","Choices","[ start_point_label = 'בכלל לא', middle_point_label = 'במידה בינונית', end_point_label = 'במידה רבה מאוד',  ]","[ start_point_label = 'בכלל לא', middle_point_label = 'במידה בינונית', end_point_label = 'במידה רבה מאוד',  ]","[ start_point_label = 'בכלל לא', middle_point_label = 'במידה בינונית', end_point_label = 'במידה רבה מאוד',  ]","[ start_point_label = 'בכלל לא', middle_point_label = 'במידה בינונית', end_point_label = 'במידה רבה מאוד',  ]",,"[ start_point_label = 'בכלל לא', middle_point_label = 'במידה בינונית', end_point_label = 'במידה רבה מאוד',  ]","[ start_point_label = 'בכלל לא', middle_point_label = 'במידה בינונית', end_point_label = 'במידה רבה מאוד',  ]","[ צעקתי ]","[ טרקתי דלת ]","[ זרקתי משהו ]","[ זרקתי משהו על מישהו ]","[ הרבצתי ]","[ לא התפרצתי בכעס ]","[ התפרצתי בכעס בצורה אחרת (בבקשה לפרט) ]","[ start_point_label = 'בכלל לא', middle_point_label = 'במידה בינונית', end_point_label = 'במידה רבה מאוד',  ]","[ start_point_label = 'בכלל לא', middle_point_label = 'במידה בינונית', end_point_label = 'במידה רבה מאוד',  ]","[ start_point_label = 'בכלל לא', middle_point_label = 'במידה בינונית', end_point_label = 'במידה רבה מאוד',  ]","[ start_point_label = 'בכלל לא', middle_point_label = 'במידה בינונית', end_point_label = 'במידה רבה מאוד',  ]","[ start_point_label = 'בכלל לא', middle_point_label = 'במידה בינונית', end_point_label = 'במידה רבה מאוד',  ]","[ start_point_label = 'בכלל לא', middle_point_label = 'במידה בינונית', end_point_label = 'במידה רבה מאוד',  ]","[ start_point_label = 'בכלל לא', middle_point_label = 'במידה בינונית', end_point_label = 'במידה רבה מאוד',  ]","[ start_point_label = 'בכלל לא', middle_point_label = 'במידה בינונית', end_point_label = 'במידה רבה מאוד',  ]","[ start_point_label = 'בכלל לא', middle_point_label = 'במידה בינונית', end_point_label = 'במידה רבה מאוד',  ]","[ start_point_label = 'בכלל לא', middle_point_label = 'במידה בינונית', end_point_label = 'במידה רבה מאוד',  ]","[ start_point_label = 'בכלל לא', middle_point_label = 'במידה בינונית', end_point_label = 'במידה רבה מאוד',  ]","[ start_point_label = 'בכלל לא', middle_point_label = 'במידה בינונית', end_point_label = 'במידה רבה מאוד',  ]","[ start_point_label = 'בכלל לא', middle_point_label = 'במידה בינונית', end_point_label = 'במידה רבה מאוד',  ]"
"12/18/2024 07:23AM","12/18/2024 07:26AM","12/18/2024 07:00AM - 12/18/2024 11:00AM",193.685,"2","1","Finished","6761a67e8b60efe498aced32","0.0","0.0","no","-","192.168.1.247","Participant 1","1","1","1","1","לא התעצבנתי מאז","1","1","No","No","No","No","No","Yes","","1","1","7","1","1","7","2","7","1","1","6","1","5"
"12/19/2024 07:34AM","12/19/2024 07:35AM","12/19/2024 07:00AM - 12/19/2024 11:00AM",76.659,"3","1","Finished","6761a67e8b60efe498aced32","0.0","0.0","no","-","192.168.1.151","Participant 1","1","1","3","1","לא התעצבנתי ","1","1","No","No","No","No","No","Yes","","4","3","4","1","1","4","7","7","1","1","1","1","3"
"12/20/2024 10:40AM","12/20/2024 10:41AM","12/20/2024 07:00AM - 12/20/2024 11:00AM",86.492,"4","1","Finished","6761a67e8b60efe498aced32","0.0","0.0","no","-","192.168.1.247","Participant 1","1","1","1","1","לא התעצבנתי היום","1","1","No","No","No","No","No","Yes","","1","1","1","1","1","7","1","5","1","1","1","1","5"
"12/21/2024 10:43AM","12/21/2024 10:45AM","12/21/2024 07:00AM - 12/21/2024 11:00AM",125.939,"5","1","Finished","6761a67e8b60efe498aced32","0.0","0.0","no","-","192.168.1.151","Participant 1","1","1","1","1","שהייתה אזעקה בלילה ","2","1","No","No","No","No","No","Yes","","4","1","1","1","1","7","1","7","1","1","7","1","7"
"12/22/2024 07:09AM","12/22/2024 07:10AM","12/22/2024 07:00AM - 12/22/2024 11:00AM",94.36,"6","1","Finished","6761a67e8b60efe498aced32","0.0","0.0","no","-","192.168.1.247","Participant 1","1","1","1","1","שהייתי צריכה לקום לבית ספר ","1","1","No","No","No","No","No","Yes","","1","1","1","1","1","7","1","7","1","1","1","1","5"
"12/23/2024 07:20AM","12/23/2024 07:21AM","12/23/2024 07:00AM - 12/23/2024 11:00AM",55.959,"7","1","Finished","6761a67e8b60efe498aced32","0.0","0.0","no","-","192.168.1.151","Participant 1","1","1","5","1","לא התעצבנתי ","1","1","No","No","No","No","No","Yes","","1","1","7","1","1","7","1","7","1","1","7","1","7"
"12/24/2024 07:17AM","12/24/2024 07:18AM","12/24/2024 07:00AM - 12/24/2024 11:00AM",60.471,"8","1","Finished","6761a67e8b60efe498aced32","0.0","0.0","no","-","192.168.1.247","Participant 1","1","1","1","1","לא התעצבנתי ","1","1","No","No","No","No","No","Yes","","1","1","1","1","1","7","7","7","1","1","7","1","7"
"12/19/2024 07:09AM","12/19/2024 07:15AM","12/19/2024 07:00AM - 12/19/2024 11:00AM",352.13,"2","1","Finished","6762f36917bb529f7000ba33",,,"no","-","192.168.1.196","Participant 2","6","1","1","1","מי שמעצבן אותי זה אבא שהוא מקים אותי בבוקר","1","7","No","No","No","No","No","Yes","","1","3","1","1","1","4","1","3","1","1","2","7","6"
"12/20/2024 07:27AM","12/20/2024 07:35AM","12/20/2024 07:00AM - 12/20/2024 11:00AM",425.064,"3","1","Finished","6762f36917bb529f7000ba33",,,"no","-","192.168.1.196","Participant 2","3","1","1","1","מה שעצבן אותי היום זה שה אמא צריכה

להקים אותי","1","1","No","No","No","No","No","Yes","","1","1","1","1","1","1","1","3","1","1","4","1","7"
"12/21/2024 09:13AM","12/21/2024 09:20AM","12/21/2024 07:00AM - 12/21/2024 11:00AM",386.898,"4","1","Finished","6762f36917bb529f7000ba33",,,"no","-","192.168.1.196","Participant 2","1","1","3","1","מה שעצבן אותי זה שאמא כעסה עליי","1","1","No","No","No","No","No","Yes","","1","1","1","7","1","1","1","1","1","4","1","1","3"
"12/22/2024 07:31AM","12/22/2024 07:34AM","12/22/2024 07:00AM - 12/22/2024 11:00AM",232.549,"5","1","Finished","6762f36917bb529f7000ba33",,,"no","-","192.168.1.196","Participant 2","1","1","1","7","אבא מעצבן אותי שהוא מוצא שאני אקום ואצא החוצה כאילו לבית ספר","1","1","No","No","No","No","No","Yes","","1","1","1","1","1","5","4","6","1","1","7","1","7"
"12/23/2024 08:47AM","12/23/2024 08:52AM","12/23/2024 07:00AM - 12/23/2024 11:00AM",275.603,"6","1","Finished","6762f36917bb529f7000ba33",,,"no","-","10.153.129.246","Participant 2","1","1","4","1","מה שעצבן אותי היום זה ששברתי את האצבע הקטנה בכף רגל מימין","1","1","No","No","No","No","No","Yes","","1","1","1","1","1","1","1","7","1","1","4","1","5"
"12/24/2024 10:48AM","12/24/2024 10:51AM","12/24/2024 07:00AM - 12/24/2024 11:00AM",209.161,"7","1","Finished","6762f36917bb529f7000ba33",,,"no","-","192.168.1.196","Participant 2","1","1","1","1","שום דבר לא עצבן אותי היום","1","1","No","No","No","No","No","Yes","","1","1","2","1","1","1","1","4","2","1","1","1","7"
"12/25/2024 07:08AM","12/25/2024 07:10AM","12/25/2024 07:00AM - 12/25/2024 11:00AM",107.105,"8","1","Finished","6762f36917bb529f7000ba33",,,"no","-","10.153.133.170","Participant 2","6","5","5","5","האלון נשבר
","5","6","No","No","No","No","No","Yes","","6","5","5","6","5","5","3","3","3","5","3","3","3"
"01/07/2025 07:26AM","01/07/2025 07:33AM","01/07/2025 07:00AM - 01/07/2025 11:00AM",391.824,"2","1","Finished","677c161092b3eb66e2131ff5",,,"no","-","10.100.102.75","Participant 4","2","2","5","5","לקום בבוקר ","2","2","No","No","No","No","No","Yes","","3","6","4","1","2","2","4","6","1","2","6","2","6"
"01/08/2025 07:22AM","01/08/2025 07:28AM","01/08/2025 07:00AM - 01/08/2025 11:00AM",335.993,"3","1","Finished","677c161092b3eb66e2131ff5",,,"no","-","10.100.102.75","Participant 4","1","2","1","2","לקום בבוקר ","2","3","No","No","No","No","No","Yes","","5","5","6","2","1","2","2","3","1","2","3","2","4"
"01/09/2025 07:33AM","01/09/2025 07:38AM","01/09/2025 07:00AM - 01/09/2025 11:00AM",338.97,"4","1","Finished","677c161092b3eb66e2131ff5",,,"no","-","10.100.102.75","Participant 4","3","2","2","2","לקום ","3","2","No","No","No","No","No","Yes","","2","3","3","2","1","3","2","5","1","2","2","2","6"
"01/10/2025 07:10AM","01/10/2025 07:16AM","01/10/2025 07:00AM - 01/10/2025 11:00AM",338.693,"5","1","Finished","677c161092b3eb66e2131ff5",,,"no","-","10.100.102.75","Participant 4","2","2","2","2","עייפות ","1","2","No","No","No","No","No","Yes","","2","3","2","1","1","3","5","3","1","3","3","2","5"
"01/11/2025 09:09AM","01/11/2025 09:14AM","01/11/2025 07:00AM - 01/11/2025 11:00AM",319.146,"6","1","Finished","677c161092b3eb66e2131ff5",,,"no","-","10.100.102.75","Participant 4","2","2","2","5","עייפות ","2","4","No","No","No","No","No","Yes","","2","2","2","1","2","3","2","3","1","2","3","2","5"
"01/12/2025 07:28AM","01/12/2025 07:32AM","01/12/2025 07:00AM - 01/12/2025 11:00AM",234.62,"7","1","Finished","677c161092b3eb66e2131ff5",,,"no","-","10.100.102.75","Participant 4","2","2","2","2","עייפות","2","3","No","No","No","No","No","Yes","","3","2","3","2","2","2","3","2","1","2","4","2","4"
"01/13/2025 07:43AM","01/13/2025 07:45AM","01/13/2025 07:00AM - 01/13/2025 11:00AM",127.023,"8","1","Finished","677c161092b3eb66e2131ff5",,,"no","-","10.100.102.75","Participant 4","2","3","2","2","עייפות ","3","2","No","No","No","No","No","Yes","","4","3","2","2","2","2","2","2","1","2","3","2","3"
"01/13/2025 07:12AM","01/13/2025 07:14AM","01/13/2025 07:00AM - 01/13/2025 11:00AM",165.322,"2","1","Finished","6783ed149132493f1e0a2697","0.0","0.0","no","-","192.168.1.253","Participant 5","2","5","4","1","כלום ","1","1","No","No","No","No","No","Yes","","1","1","1","2","2","7","2","5","1","1","2","1","6"
"01/14/2025 07:27AM","01/14/2025 07:30AM","01/14/2025 07:00AM - 01/14/2025 11:00AM",171.265,"3","1","Finished","6783ed149132493f1e0a2697","0.0","0.0","no","-","192.168.1.253","Participant 5","5","7","1","5","המשחק","7","5","Yes","No","No","No","No","No","","1","1","1","6","1","7","5","6","1","5","1","1","6"
"01/15/2025 07:12AM","01/15/2025 07:14AM","01/15/2025 07:00AM - 01/15/2025 11:00AM",115.704,"4","1","Finished","6783ed149132493f1e0a2697","0.0","0.0","no","-","192.168.1.253","Participant 5","1","7","1","1","שהגעתי אתמול מאוחר הביתה","1","1","No","No","No","No","No","Yes","","1","1","1","1","1","6","1","7","1","1","4","1","4"
"01/16/2025 07:28AM","01/16/2025 07:29AM","01/16/2025 07:00AM - 01/16/2025 11:00AM",88.646,"5","1","Finished","6783ed149132493f1e0a2697","0.0","0.0","no","-","192.168.1.253","Participant 5","1","7","1","1","השאלה הזאת","1","1","No","No","No","No","No","Yes","","1","1","1","1","1","7","1","7","1","1","6","1","5"
"01/17/2025 09:03AM","01/17/2025 09:05AM","01/17/2025 07:00AM - 01/17/2025 11:00AM",138.749,"6","1","Finished","6783ed149132493f1e0a2697","0.0","0.0","no","-","192.168.1.253","Participant 5","1","7","1","1","כלום","1","2","No","No","No","No","No","Yes","","1","1","1","1","1","7","7","7","1","1","7","1","5"
"01/18/2025 10:04AM","01/18/2025 10:05AM","01/18/2025 07:00AM - 01/18/2025 11:00AM",101.128,"7","1","Finished","6783ed149132493f1e0a2697","0.0","0.0","no","-","192.168.1.253","Participant 5","1","7","1","5","המשחק","5","5","No","No","No","No","No","Yes","","1","1","1","5","1","7","6","6","1","4","7","1","5"
"01/19/2025 08:05AM","01/19/2025 08:06AM","01/19/2025 07:00AM - 01/19/2025 11:00AM",85.328,"8","1","Finished","6783ed149132493f1e0a2697","0.0","0.0","no","-","2a0d:6fc7:55f:3938:800c:7025:884c:2570","Participant 5","2","7","1","1","קמתי מוקדם ","2","1","No","No","No","No","No","Yes","","1","1","1","1","1","7","6","7","1","1","7","1","1"
"01/16/2025 07:24AM","01/16/2025 07:29AM","01/16/2025 07:00AM - 01/16/2025 11:00AM",325.937,"2","1","Finished","6787c23313aa347c7f08e3cc",,,"no","-","10.0.0.11","Participant 6","1","6","1","6","התעוררתי מאוחר מדי ונלחצתי קצת ","5","5","No","No","No","No","No","No","התוקחתי עם אבא שלי אתמול בארוחת ערב","1","2","1","5","2","5","6","6","2","6","3","2","6"
"01/17/2025 08:13AM","01/17/2025 08:19AM","01/17/2025 07:00AM - 01/17/2025 11:00AM",342.292,"3","1","Finished","6787c23313aa347c7f08e3cc",,,"no","-","192.168.1.221","Participant 6","1","5","5","5","החתולים שלי כל ד'ק רביים היום בבוקר ואני צריכה לקום ב7 בבוקר לבית ספר שכל מי שלא בעיצוב יש לו יום חופשי ","7","7","Yes","No","No","No","No","No","","2","2","5","2","1","6","2","5","1","1","1","2","6"
"01/18/2025 10:35AM","01/18/2025 10:39AM","01/18/2025 07:00AM - 01/18/2025 11:00AM",234.966,"4","1","Finished","6787c23313aa347c7f08e3cc",,,"no","-","192.168.1.221","Participant 6","3","3","2","5","יום יחסית שקט לא התעצבנתי עדיין ","2","1","No","No","No","No","No","Yes","","1","3","2","5","3","3","5","5","1","5","6","5","6"
"01/19/2025 07:22AM","01/19/2025 07:25AM","01/19/2025 07:00AM - 01/19/2025 11:00AM",212.068,"5","1","Finished","6787c23313aa347c7f08e3cc",,,"no","-","100.99.88.239","Participant 6","2","5","2","2","החתולים שלי לא הפסיקו לריב כל הלילה לא ישנתי טוב ","5","6","No","No","No","No","No","Yes","","3","1","3","2","5","7","5","3","3","1","6","5","3"
"01/20/2025 08:12AM","01/20/2025 08:24AM","01/20/2025 07:00AM - 01/20/2025 11:00AM",725.333,"6","1","Finished","6787c23313aa347c7f08e3cc",,,"no","-","192.168.1.221","Participant 6","5","5","2","3","אחותי לא הודע לי שאחד מהחברים שלה בבית ונלחצתי קצת","5","5","No","No","No","No","No","Yes","","3","4","3","5","6","2","5","4","5","6","2","2","5"
"01/21/2025 09:20AM","01/21/2025 09:24AM","01/21/2025 07:00AM - 01/21/2025 11:00AM",251.332,"7","1","Finished","6787c23313aa347c7f08e3cc",,,"no","-","100.126.149.252","Participant 6","3","3","5","2","הייתי אמורה לנהוג היום אבל אבא שלי היו לו תקלות עם הביטוח שהוא אמר שהוא כבר סידר","6","6","Yes","Yes","No","No","No","No","","6","3","3","3","3","2","2","4","3","3","3","5","3"
"01/22/2025 09:17AM","01/22/2025 09:20AM","01/22/2025 07:00AM - 01/22/2025 11:00AM",156.743,"8","1","Finished","6787c23313aa347c7f08e3cc",,,"no","-","192.168.1.221","Participant 6","3","5","3","3","אחותי ואני רבנו ( לטענתה אני לא מכבדת אותך מספיק אכ)","5","6","Yes","No","No","No","No","No","","2","3","3","5","6","2","5","5","5","5","3","5","6"
"01/21/2025 07:46AM","01/21/2025 07:48AM","01/21/2025 07:00AM - 01/21/2025 11:00AM",139.58,"2","1","Finished","678d249858adab1eb9365f80",,,"no","-","192.168.1.169","Participant 7","3","2","3","3","אתמול האוטובוס שלי איחר הבייתה מה שאומר שהיום הייתי צריכה לקום  הרבה יותר מוקדם מהרגיל ב 6:00 בשביל ללמוד","5","1","No","No","No","No","No","Yes","","1","1","3","1","1","5","5","5","1","1","5","1","7"
"01/22/2025 07:41AM","01/22/2025 07:44AM","01/22/2025 07:00AM - 01/22/2025 11:00AM",139.257,"3","1","Finished","678d249858adab1eb9365f80",,,"no","-","192.168.1.169","Participant 7","1","1","5","1","התעוררתי מהשעון של המשפחה במקום משלי שצילצל מאוחר יותר מה שאומר שהתעוררתי יותר מוקדם אף על פי שלא הייתי צריכה ועכשיו אני יותר עייפה","1","1","No","No","No","No","No","Yes","","1","5","5","1","1","4","7","7","1","1","7","1","7"
"01/23/2025 07:58AM","01/23/2025 08:00AM","01/23/2025 07:00AM - 01/23/2025 11:00AM",122.96,"4","1","Finished","678d249858adab1eb9365f80",,,"no","-","10.109.95.50","Participant 7","2","2","1","4","לא התעוררתי בזמן","1","1","No","No","No","No","No","Yes","","1","1","1","1","1","7","7","7","1","1","7","1","7"
"01/26/2025 07:50AM","01/26/2025 07:51AM","01/26/2025 07:00AM - 01/26/2025 11:00AM",77.995,"7","1","Finished","678d249858adab1eb9365f80",,,"no","-","192.168.1.169","Participant 7","2","3","1","1","לא הקשיבו למה שביקשתי","5","1","No","No","No","No","No","Yes","","2","1","1","1","1","4","7","7","1","1","7","1","7"
"01/27/2025 09:52AM","01/27/2025 09:53AM","01/27/2025 07:00AM - 01/27/2025 11:00AM",76.08,"8","1","Finished","678d249858adab1eb9365f80",,,"no","-","10.82.137.61","Participant 7","3","3","1","2","המורה איחרה וכולם התעכבו בגלל זה.","1","1","No","No","No","No","No","Yes","","1","2","1","1","5","6","7","6","3","1","7","1","7"
"01/21/2025 07:00AM","01/21/2025 07:03AM","01/21/2025 07:00AM - 01/21/2025 11:00AM",186.877,"2","1","Finished","678ce78d58adab1eb934bf55","0.0","0.0","no","-","10.0.0.24","Participant 8","5","4","2","4","לא היה לי כוח לסדר את התיק וגם אמא עשתה מלא רעש בבוקר והיא יודעת שזה מפריע לי ","7","6","Yes","No","Yes","No","No","No","","3","3","3","5","2","4","3","5","1","7","3","4","6"
"01/22/2025 07:47AM","01/22/2025 07:49AM","01/22/2025 07:00AM - 01/22/2025 11:00AM",126.725,"3","1","Finished","678ce78d58adab1eb934bf55","0.0","0.0","no","-","2a06:c701:4c90:1200:943a:8a43:e299:8d64","Participant 8","4","3","2","3","שאמא עשה מלא רעש בבוקר והיא יודעת שזה מפריע לי וביקשת ממנה לא פעם להתחשב ","7","5","Yes","Yes","No","No","No","No","","3","3","1","1","3","2","7","5","1","7","3","3","4"
"01/23/2025 07:52AM","01/23/2025 07:54AM","01/23/2025 07:00AM - 01/23/2025 11:00AM",95.571,"4","1","Finished","678ce78d58adab1eb934bf55","0.0","0.0","no","-","2a06:c701:4c90:1200:93d:5e2d:2dcc:c094","Participant 8","3","2","5","6","שאמא שלי לא הקשיבה לי ","7","7","Yes","No","No","No","No","No","","5","2","5","7","1","2","4","1","1","7","5","2","2"
"01/24/2025 07:53AM","01/24/2025 07:54AM","01/24/2025 07:00AM - 01/24/2025 11:00AM",83.83,"5","1","Finished","678ce78d58adab1eb934bf55","0.0","0.0","no","-","2a06:c701:4c90:1200:6c34:4ba0:8364:4104","Participant 8","6","6","4","3","רעש בבוקר ","7","7","Yes","Yes","No","No","No","No","","4","3","2","1","1","2","2","1","1","6","1","2","2"
"01/25/2025 08:41AM","01/25/2025 08:45AM","01/25/2025 07:00AM - 01/25/2025 11:00AM",186.026,"6","1","Finished","678ce78d58adab1eb934bf55","0.0","0.0","no","-","10.0.0.24","Participant 8","2","3","3","3","שאמא שלי לא הקשיבה לי ","7","5","Yes","No","No","No","No","No","","3","4","3","2","3","2","3","4","3","5","2","3","5"
"01/26/2025 08:28AM","01/26/2025 08:30AM","01/26/2025 07:00AM - 01/26/2025 11:00AM",89.874,"7","1","Finished","678ce78d58adab1eb934bf55","0.0","0.0","no","-","172.16.15.19","Participant 8","2","2","2","3","כלום","5","5","No","No","No","No","No","Yes","","2","4","3","1","2","6","6","5","1","6","5","5","7"
"01/27/2025 08:13AM","01/27/2025 08:16AM","01/27/2025 07:00AM - 01/27/2025 11:00AM",148.336,"8","1","Finished","678ce78d58adab1eb934bf55","0.0","0.0","no","-","172.16.15.19","Participant 8","1","2","2","2","שאמא שלי לא הקשיבה לי ","3","4","Yes","No","No","No","No","No","","3","4","1","2","1","6","5","2","1","5","5","2","4"
"01/27/2025 09:12AM","01/27/2025 09:14AM","01/27/2025 07:00AM - 01/27/2025 11:00AM",133.415,"2","1","Finished","67967926fd75d39f735b1ed7","0.0","0.0","no","-","2001:40a8:739:7431:c064:a8db:b94b:65bb","Participant 9","4","5","2","6","ההורים שלי אמרו לי לחזור הביתה ","2","5","Yes","No","No","No","No","No","","5","5","1","1","5","1","5","2","7","7","1","2","6"
"01/28/2025 10:00AM","01/28/2025 10:02AM","01/28/2025 07:00AM - 01/28/2025 11:00AM",108.483,"3","1","Finished","67967926fd75d39f735b1ed7","0.0","0.0","no","-","2001:40a8:745:8d7e:449b:1a3a:9650:d4ed","Participant 9","5","2","1","1","כלום לא יעצבן אותי ","1","1","No","No","No","No","No","Yes","","1","1","1","1","1","2","2","7","1","1","1","1","7"
"01/29/2025 09:15AM","01/29/2025 09:17AM","01/29/2025 07:00AM - 01/29/2025 11:00AM",99.55,"4","1","Finished","67967926fd75d39f735b1ed7","0.0","0.0","no","-","2001:40a8:739:9591:1c8a:c1f:5fda:dd83","Participant 9","1","1","1","5","כלום ","2","1","No","No","No","No","No","Yes","","1","1","1","1","1","5","6","7","1","1","1","1","5"
"01/30/2025 09:00AM","01/30/2025 09:01AM","01/30/2025 07:00AM - 01/30/2025 11:00AM",66.678,"5","1","Finished","67967926fd75d39f735b1ed7","0.0","0.0","no","-","2001:40a8:740:7276:6860:5953:2932:d0da","Participant 9","4","7","1","7","כלום ","1","1","No","No","No","No","No","Yes","","1","1","1","1","1","7","4","7","1","1","5","1","7"
"01/31/2025 10:56AM","01/31/2025 10:57AM","01/31/2025 07:00AM - 01/31/2025 11:00AM",59.681,"6","1","Finished","67967926fd75d39f735b1ed7","0.0","0.0","no","-","2a0d:6fc0:724:3800:601f:b72c:347:46e","Participant 9","3","5","1","6","כלום","1","1","No","No","No","No","No","Yes","","1","1","1","1","1","7","5","7","1","1","7","1","7"
"02/01/2025 10:52AM","02/01/2025 10:53AM","02/01/2025 07:00AM - 02/01/2025 11:00AM",59.566,"7","1","Finished","67967926fd75d39f735b1ed7","0.0","0.0","no","-","2a0d:6fc0:724:3800:b0bd:d23:6b77:c6b1","Participant 9","3","4","1","6","כלום","1","1","No","No","No","No","No","Yes","","1","1","1","1","1","7","3","7","1","1","7","1","7"
"02/06/2025 08:09AM","02/06/2025 08:17AM","02/06/2025 07:00AM - 02/06/2025 11:00AM",497.209,"2","1","Finished","67a3816fba402d566c839a95","0.0","0.0","no","-","2001:40a8:a40:effe:58dc:d6be:9a02:333a","Participant 10","3","6","2","5","אמא לא נתנה לי ללכת לצופים למרות שהיא יודעת שאני חייבת וצריכים אותי","5","5","Yes","No","No","No","No","No","","4","2","2","6","5","2","1","2","2","6","2","1","4"
"02/07/2025 10:40AM","02/07/2025 10:41AM","02/07/2025 07:00AM - 02/07/2025 11:00AM",88.453,"3","1","Finished","67a3816fba402d566c839a95","0.0","0.0","no","-","2001:40a8:a40:e9c6:b130:dc0b:a1ec:cd6e","Participant 10","6","6","1","7","את האמת שכלום לא עצבן אותי היום","2","1","No","No","No","No","No","Yes","","1","1","1","1","2","6","6","5","1","3","6","4","5"
"02/09/2025 08:06AM","02/09/2025 08:08AM","02/09/2025 07:00AM - 02/09/2025 11:00AM",118.504,"5","1","Finished","67a3816fba402d566c839a95","0.0","0.0","no","-","2001:40a8:800:b847:5c96:b772:9ec3:8173","Participant 10","6","6","1","5","כלום לא עצבן אותי מאז הסקר האחרון","1","1","No","No","No","No","No","Yes","","1","1","1","1","2","5","5","5","1","1","5","1","7"
"02/10/2025 09:00AM","02/10/2025 09:06AM","02/10/2025 07:00AM - 02/10/2025 11:00AM",371.566,"6","1","Finished","67a3816fba402d566c839a95","0.0","0.0","no","-","2a0d:6fc7:600:6307:148c:d7db:94ac:50bb","Participant 10","5","5","2","5","הרכזת שלי רוצה להשעות אותי כי איחרתי בחמש דקות","6","5","Yes","No","No","No","No","No","","7","2","4","7","5","2","2","2","2","7","1","3","1"
"02/11/2025 08:07AM","02/11/2025 08:11AM","02/11/2025 07:00AM - 02/11/2025 11:00AM",281.175,"7","1","Finished","67a3816fba402d566c839a95","0.0","0.0","no","-","2001:40a8:800:eda1:14c6:5407:b89a:8f9a","Participant 10","5","5","2","4","עידו עמדי עזב את פאודה!!! איך אני אמורה לראות את העונה החמישית עכשיו????","7","5","Yes","Yes","No","No","Yes","No","","6","3","3","6","5","2","5","2","1","6","1","4","3"
"02/12/2025 08:11AM","02/12/2025 08:17AM","02/12/2025 07:00AM - 02/12/2025 11:00AM",382.751,"8","1","Finished","67a3816fba402d566c839a95","0.0","0.0","no","-","2001:40a8:801:2113:9975:6c9e:f6c9:71cc","Participant 10","2","5","1","4","כלום לא עצבן אותי","6","5","Yes","No","No","No","Yes","No","","2","2","2","7","3","5","5","2","2","7","2","2","3"
"02/06/2025 07:54AM","02/06/2025 08:05AM","02/06/2025 07:00AM - 02/06/2025 11:00AM",639.318,"2","1","Finished","67a3a968ba402d566c84e894","0.0","0.0","no","-","2a02:14f:1f6:908f:81c6:6609:a025:1320","Participant 11","1","1","1","2",,"5","1","Yes","No","No","No","No","No","","3","1","1","1","1","1","1","5","1","2","4","1","6"
"02/07/2025 07:43AM","02/07/2025 07:48AM","02/07/2025 07:00AM - 02/07/2025 11:00AM",287.274,"3","1","Finished","67a3a968ba402d566c84e894","0.0","0.0","no","-","2a02:14f:3:942a:f40a:404d:8d40:7984","Participant 11","2","1","1","2",,"1","1","Yes","No","No","No","No","No","","1","1","1","1","1","1","2","3","1","1","1","1","6"
"02/09/2025 07:42AM","02/09/2025 07:46AM","02/09/2025 07:00AM - 02/09/2025 11:00AM",272.198,"5","1","Finished","67a3a968ba402d566c84e894","0.0","0.0","no","-","10.94.143.39","Participant 11","1","1","1","1",,"1","1","No","No","No","No","No","Yes","","1","1","1","1","1","4","1","5","1","2","2","2","5"
"02/10/2025 07:33AM","02/10/2025 07:51AM","02/10/2025 07:00AM - 02/10/2025 11:00AM",1128.277,"6","1","Finished","67a3a968ba402d566c84e894","0.0","0.0","no","-","2a02:14f:3:8b88:5d4b:b623:1a09:7e2f","Participant 11","1","1","1","2",,"1","1","No","No","No","No","No","Yes","","1","1","3","1","1","7","1","7","1","1","2","1","7"
"02/11/2025 07:39AM","02/11/2025 07:46AM","02/11/2025 07:00AM - 02/11/2025 11:00AM",419.238,"7","1","Finished","67a3a968ba402d566c84e894","0.0","0.0","no","-","2a02:14f:172:3b6:6825:dae9:fb1a:ee1d","Participant 11","2","1","1","3",,"3","7","Yes","No","No","No","No","No","","1","1","4","2","3","7","1","5","1","2","1","7","5"
"02/12/2025 07:49AM","02/12/2025 08:04AM","02/12/2025 07:00AM - 02/12/2025 11:00AM",896.14,"8","1","Finished","67a3a968ba402d566c84e894","0.0","0.0","no","-","2a02:14f:1ef:cb80:95c6:411a:2ad4:9514","Participant 11","3","1","1","4",,"5","2","Yes","No","No","No","No","No","","4","1","4","2","1","3","1","4","1","2","1","4","5"
"02/12/2025 07:30AM","02/12/2025 07:33AM","02/12/2025 07:00AM - 02/12/2025 11:00AM",181.394,"2","1","Finished","67aa52e393e9af387811b0ca","0.0","0.0","no","-","10.100.102.244","Participant 12","1","1","1","4","המבחן באנגלית","1","2","No","No","No","No","No","Yes","","1","2","1","1","1","2","2","4","1","1","3","2","6"
"02/13/2025 07:30AM","02/13/2025 07:32AM","02/13/2025 07:00AM - 02/13/2025 11:00AM",170.858,"3","1","Finished","67aa52e393e9af387811b0ca","0.0","0.0","no","-","100.123.146.102","Participant 12","2","2","1","3","אין לי","1","1","No","No","No","No","No","Yes","","1","1","1","2","1","2","2","1","1","1","3","1","7"
"02/15/2025 10:31AM","02/15/2025 10:32AM","02/15/2025 07:00AM - 02/15/2025 11:00AM",93.171,"5","1","Finished","67aa52e393e9af387811b0ca","0.0","0.0","no","-","10.100.102.244","Participant 12","2","1","1","2","שום דבר","1","1","No","No","No","No","No","Yes","","1","1","1","1","1","2","2","4","1","2","2","1","6"
"02/16/2025 07:37AM","02/16/2025 07:39AM","02/16/2025 07:00AM - 02/16/2025 11:00AM",97.028,"6","1","Finished","67aa52e393e9af387811b0ca","0.0","0.0","no","-","10.100.102.244","Participant 12","2","2","1","2","שום דבר","1","1","No","No","No","No","No","Yes","","1","1","1","2","1","2","1","4","1","2","3","1","5"
"02/17/2025 07:38AM","02/17/2025 07:40AM","02/17/2025 07:00AM - 02/17/2025 11:00AM",65.78,"7","1","Finished","67aa52e393e9af387811b0ca","0.0","0.0","no","-","10.100.102.244","Participant 12","2","2","1","3","שום דבר","1","1","No","No","No","No","No","Yes","","1","1","1","1","1","1","2","4","1","2","4","1","7"
"02/18/2025 07:43AM","02/18/2025 07:44AM","02/18/2025 07:00AM - 02/18/2025 11:00AM",80.303,"8","1","Finished","67aa52e393e9af387811b0ca","0.0","0.0","no","-","10.100.102.244","Participant 12","2","2","1","1","שום דבר","1","1","No","No","No","No","No","Yes","","1","1","1","1","1","1","1","4","1","2","4","1","5"
"02/13/2025 07:23AM","02/13/2025 07:26AM","02/13/2025 07:00AM - 02/13/2025 11:00AM",168.865,"2","1","Finished","67ac91178eb0e335f94140d3","0.0","0.0","no","-","2a0d:6fc7:33b:751d:3818:27a4:7d72:eb7f","Participant 13","1","1","1","1","לא התעצבנתי היום ","1","1","No","No","No","No","No","Yes","","1","1","1","1","1","7","1","7","1","1","1","1","7"
"02/14/2025 07:39AM","02/14/2025 07:41AM","02/14/2025 07:00AM - 02/14/2025 11:00AM",141.999,"3","1","Finished","67ac91178eb0e335f94140d3","0.0","0.0","no","-","2a0d:6fc7:213:7511:a1f6:725d:3fc6:1912","Participant 13","1","1","1","1","לא התעצבנתי ","1","1","No","No","No","No","No","Yes","","1","1","1","1","1","7","1","7","1","1","7","1","7"
"02/14/2025 10:15AM","02/14/2025 10:23AM","02/14/2025 07:00AM - 02/14/2025 11:00AM",513.704,"2","1","Finished","67ae2f9258056d402b063da2","0.0","0.0","no","-","192.168.68.102","Participant 14","1","1","2","1","‏עיצבן אותי שלא ראיתי עם המשפחה שלי את הסרט שתכננו לראות ביחד","1","2","No","No","No","No","No","Yes","","1","1","1","1","1","1","3","3","1","1","2","1","5"
"02/15/2025 10:32AM","02/15/2025 10:39AM","02/15/2025 07:00AM - 02/15/2025 11:00AM",372.214,"3","1","Finished","67ae2f9258056d402b063da2","0.0","0.0","no","-","192.168.68.102","Participant 14","2","1","1","2","לא היה","1","7","No","No","No","No","No","Yes","","2","2","3","1","1","1","6","5","1","1","2","1","3"
"02/16/2025 07:23AM","02/16/2025 07:27AM","02/16/2025 07:00AM - 02/16/2025 11:00AM",212.897,"4","1","Finished","67ae2f9258056d402b063da2","0.0","0.0","no","-","192.168.68.102","Participant 14","1","1","5","2","לא עיצבן אותי משהו היום ","2","3","No","No","No","No","No","Yes","","1","4","5","1","1","1","3","4","1","2","3","3","4"
"02/17/2025 07:36AM","02/17/2025 07:39AM","02/17/2025 07:00AM - 02/17/2025 11:00AM",199.334,"5","1","Finished","67ae2f9258056d402b063da2","0.0","0.0","no","-","192.168.68.87","Participant 14","2","1","5","3","היום רק התחל","1","1","No","No","No","No","No","Yes","","1","2","2","1","1","1","1","2","1","1","2","2","3"
"02/18/2025 07:38AM","02/18/2025 07:41AM","02/18/2025 07:00AM - 02/18/2025 11:00AM",223.048,"6","1","Finished","67ae2f9258056d402b063da2","0.0","0.0","no","-","192.168.68.87","Participant 14","2","1","5","2","היום עדיין לא התחל","1","3","No","No","No","No","No","Yes","","1","2","3","1","2","1","2","6","1","1","4","3","4"
"02/19/2025 07:39AM","02/19/2025 07:43AM","02/19/2025 07:00AM - 02/19/2025 11:00AM",204.678,"7","1","Finished","67ae2f9258056d402b063da2","0.0","0.0","no","-","192.168.68.87","Participant 14","2","1","3","3","היום לא התחל","1","2","No","No","No","No","No","Yes","","1","1","1","1","1","1","1","1","1","1","2","2","5"
"02/20/2025 07:53AM","02/20/2025 07:55AM","02/20/2025 07:00AM - 02/20/2025 11:00AM",153.035,"8","1","Finished","67ae2f9258056d402b063da2","0.0","0.0","no","-","100.104.57.133","Participant 14","2","1","1","3","היום רק התחיל לא עצבן אותי משהו היום ","1","2","No","No","No","No","No","Yes","","2","3","3","1","1","1","2","6","1","1","2","3","5"
"02/22/2025 09:00AM","02/22/2025 09:02AM","02/22/2025 07:00AM - 02/22/2025 11:00AM",118.658,"3","1","Finished","67b4c9269b9b93fbbdf32eed","0.0","0.0","no","-","10.0.0.6","Participant 15","3","1","1","1","אין","2","4","No","No","No","No","No","Yes","","1","2","1","1","1","5","4","4","1","1","2","1","4"
"02/23/2025 09:11AM","02/23/2025 09:12AM","02/23/2025 07:00AM - 02/23/2025 11:00AM",70.412,"4","1","Finished","67b4c9269b9b93fbbdf32eed","0.0","0.0","no","-","10.0.0.2","Participant 15","3","2","2","1","כלום","1","1","No","No","No","No","No","Yes","","1","1","1","1","1","5","5","6","1","2","2","1","5"
"02/25/2025 07:03AM","02/25/2025 07:04AM","02/25/2025 07:00AM - 02/25/2025 11:00AM",52.701,"6","1","Finished","67b4c9269b9b93fbbdf32eed","0.0","0.0","no","-","192.168.1.77","Participant 15","2","1","1","2","כלום","1","1","No","No","No","No","No","Yes","","2","1","2","4","2","1","1","5","1","2","1","2","5"
"02/27/2025 08:13AM","02/27/2025 08:14AM","02/27/2025 07:00AM - 02/27/2025 11:00AM",63.482,"8","1","Finished","67b4c9269b9b93fbbdf32eed","0.0","0.0","no","-","2a02:6680:200a:5306:5ac:fd51:90fa:81b7","Participant 15","5","1","2","5","כלום ","2","2","No","No","No","No","No","Yes","","1","2","7","1","1","1","1","4","1","1","4","1","5"
"03/05/2025 07:12AM","03/05/2025 07:15AM","03/05/2025 07:00AM - 03/05/2025 11:00AM",190.595,"2","1","Finished","67c7396e46dea88167ee172c",,,"no","-","10.0.0.14","Participant 16","1","1","2","1","לא היה משהו שעצבן אותי","1","3","No","No","No","No","No","Yes","","2","1","1","1","3","3","1","5","1","1","2","6","2"
"03/06/2025 07:17AM","03/06/2025 07:20AM","03/06/2025 07:00AM - 03/06/2025 11:00AM",173.705,"3","1","Finished","67c7396e46dea88167ee172c",,,"no","-","10.0.0.14","Participant 16","1","1","1","1","אני לא זוכרת משהו שעצבן אותי","3","7","No","No","No","No","No","Yes","","3","5","2","2","2","1","1","3","1","2","1","6","3"
"03/07/2025 09:01AM","03/07/2025 09:03AM","03/07/2025 07:00AM - 03/07/2025 11:00AM",130.011,"4","1","Finished","67c7396e46dea88167ee172c",,,"no","-","10.0.0.20","Participant 16","1","1","2","1","לא היה משהו שעצבן אותי היום ","2","7","No","No","No","No","No","Yes","","4","3","3","1","2","2","1","5","1","1","3","6","3"
"03/09/2025 07:12AM","03/09/2025 07:14AM","03/09/2025 07:00AM - 03/09/2025 11:00AM",108.293,"6","1","Finished","67c7396e46dea88167ee172c",,,"no","-","10.0.0.14","Participant 16","1","1","2","2","לא היה משהו שעצבן אותי היום ","2","6","No","No","No","No","No","Yes","","2","2","3","1","1","2","1","5","1","1","2","5","3"
"03/10/2025 07:15AM","03/10/2025 07:17AM","03/10/2025 07:00AM - 03/10/2025 11:00AM",125.237,"7","1","Finished","67c7396e46dea88167ee172c",,,"no","-","10.0.0.14","Participant 16","2","1","2","1","לא היה משהו שעצבן אותי היום ","2","6","No","No","No","No","No","Yes","","3","3","2","6","5","2","1","3","1","1","2","6","3"
"03/11/2025 07:14AM","03/11/2025 07:16AM","03/11/2025 07:00AM - 03/11/2025 11:00AM",101.928,"8","1","Finished","67c7396e46dea88167ee172c",,,"no","-","10.0.0.16","Participant 16","2","2","2","2","לא היה משהו שעצבן אותי היום ","2","6","No","No","No","No","No","Yes","","2","2","2","1","1","2","5","5","1","1","2","6","3"
"03/14/2025 07:19AM","03/14/2025 07:23AM","03/14/2025 07:00AM - 03/14/2025 11:00AM",186.57,"2","1","Finished","67d1a78ec1ae9946c566737d",,,"no","-","192.168.1.130","Participant 17","3","1","1","4","שום דבר לא עיצבן אותי היום ליפני רגע קמתי ","1","1","No","No","No","No","No","Yes","","1","1","1","1","1","5","7","7","1","1","6","3","7"
"03/15/2025 08:16AM","03/15/2025 08:17AM","03/15/2025 07:00AM - 03/15/2025 11:00AM",86.403,"3","1","Finished","67d1a78ec1ae9946c566737d",,,"no","-","192.168.1.132","Participant 17","1","2","1","2","לא זוכרת","2","1","No","No","No","No","No","Yes","","2","1","2","1","1","1","7","7","1","1","7","1","7"
"03/16/2025 07:26AM","03/16/2025 07:28AM","03/16/2025 07:00AM - 03/16/2025 11:00AM",150.118,"4","1","Finished","67d1a78ec1ae9946c566737d",,,"no","-","192.168.1.128","Participant 17","2","2","1","5","שוב הרגע קמתי","5","4","Yes","No","No","No","No","No","עקצתי","1","1","2","3","1","1","7","7","1","5","1","1","7"
"03/17/2025 07:15AM","03/17/2025 07:18AM","03/17/2025 07:00AM - 03/17/2025 11:00AM",165.648,"5","1","Finished","67d1a78ec1ae9946c566737d",,,"no","-","192.168.1.128","Participant 17","6","3","4","7","הזמן שלקח לאפליקציה להיטען ","6","6","Yes","No","No","No","No","No","","5","1","1","5","1","1","7","5","1","5","5","1","4"
"03/18/2025 07:26AM","03/18/2025 07:28AM","03/18/2025 07:00AM - 03/18/2025 11:00AM",107.986,"6","1","Finished","67d1a78ec1ae9946c566737d",,,"no","-","192.168.1.128","Participant 17","6","1","4","5","שאני מאחרת לחברים שלי","1","5","No","No","No","No","No","Yes","","5","1","1","2","1","2","5","7","1","2","7","1","7"
"03/19/2025 07:09AM","03/19/2025 07:11AM","03/19/2025 07:00AM - 03/19/2025 11:00AM",127.962,"7","1","Finished","67d1a78ec1ae9946c566737d",,,"no","-","192.168.1.130","Participant 17","6","4","1","5","כלום לא עיצבן אותי היום","1","1","No","No","No","No","No","Yes","","1","1","1","1","1","4","5","5","1","5","6","1","7"
"03/20/2025 07:12AM","03/20/2025 07:15AM","03/20/2025 07:00AM - 03/20/2025 11:00AM",189.97,"8","1","Finished","67d1a78ec1ae9946c566737d",,,"no","-","192.168.1.130","Participant 17","5","1","4","5","זה שיש לנו עבודה להגיש היום שהיא 30 מהציון ועוד לא סיימנו אותה וגם הזמן שלקח לזה להיטען ","5","5","No","No","No","No","No","Yes","","5","1","1","1","1","1","6","5","1","2","5","1","6"
"03/18/2025 07:06AM","03/18/2025 07:11AM","03/18/2025 07:00AM - 03/18/2025 11:00AM",322.216,"2","1","Finished","67d84bc6c1ae9946c5b95535",,,"no","-","10.100.102.84","Participant 18","2","6","7","6","אח שלי התגרה בי ועיצבן אותי בכוונה ","3","5","Yes","No","No","No","No","No","","5","3","1","2","2","3","5","5","3","2","3","5","5"
"03/19/2025 07:08AM","03/19/2025 07:13AM","03/19/2025 07:00AM - 03/19/2025 11:00AM",295.129,"3","1","Finished","67d84bc6c1ae9946c5b95535",,,"no","-","10.100.102.84","Participant 18","6","3","7","5","היה לי חלום ממש טוב ובדיוק בחלק הכי טוב התעוררתי.","6","5","Yes","No","No","No","No","No","","6","2","3","5","6","5","6","6","6","6","5","5","3"
"03/20/2025 07:09AM","03/20/2025 07:12AM","03/20/2025 07:00AM - 03/20/2025 11:00AM",202.14,"4","1","Finished","67d84bc6c1ae9946c5b95535",,,"no","-","10.100.102.84","Participant 18","6","3","6","3","אזעקה העירה אותי בארבע בבוקר 🥲","6","2","No","No","No","No","No","Yes","","5","6","2","5","6","5","5","3","6","5","6","6","5"
"03/21/2025 07:15AM","03/21/2025 07:19AM","03/21/2025 07:00AM - 03/21/2025 11:00AM",242.21,"5","1","Finished","67d84bc6c1ae9946c5b95535",,,"no","-","10.100.102.84","Participant 18","5","5","7","5","אני ומשפחה שלי חגגנו משהו וחזרתי מאוחר א'ז היה לי קשה לישון","7","5","Yes","No","No","No","No","No","","1","5","2","3","5","5","6","6","3","6","7","6","7"
"03/22/2025 09:43AM","03/22/2025 09:45AM","03/22/2025 07:00AM - 03/22/2025 11:00AM",124.436,"6","1","Finished","67d84bc6c1ae9946c5b95535",,,"no","-","10.100.102.84","Participant 18","5","7","7","5","היה לי קשה לקום ","2","5","No","No","No","No","No","Yes","","3","2","3","5","3","5","5","5","2","3","6","6","6"
"03/23/2025 07:12AM","03/23/2025 07:15AM","03/23/2025 07:00AM - 03/23/2025 11:00AM",215.653,"7","1","Finished","67d84bc6c1ae9946c5b95535",,,"no","-","10.100.102.84","Participant 18","5","3","7","7","חברה טובה שלי לא חיבדה את הפרטיות שלי וגילתה סוד שלי ","6","6","Yes","No","No","No","No","No","","6","5","1","5","2","3","5","6","1","5","5","6","3"
"03/24/2025 07:27AM","03/24/2025 07:29AM","03/24/2025 07:00AM - 03/24/2025 11:00AM",153.601,"8","1","Finished","67d84bc6c1ae9946c5b95535",,,"no","-","10.100.102.84","Participant 18","7","2","7","5","השעון המעורר לא עבד ","6","5","Yes","No","No","No","No","No","","6","5","1","5","6","3","6","2","6","6","3","7","1"
"03/20/2025 07:40AM","03/20/2025 07:41AM","03/20/2025 07:00AM - 03/20/2025 11:00AM",55.346,"2","1","Finished","66e03ee644f1da2a6001020f",,,"no","-","10.121.170.19","Participant 19","5","5","5","3",,"3","5","No","Yes","No","No","No","No","","3","3","3","5","5","3","3","6","6","2","2","3","3"
"03/23/2025 08:04AM","03/23/2025 08:07AM","03/23/2025 07:00AM - 03/23/2025 11:00AM",191.571,"2","1","Finished","67dc1d544a8aee02c00ea4ef","0.0","0.0","no","-","10.100.102.45","Participant 20","1","2","1","6","הייתה אזעקה בבוקר בזמן שהתארגנתי וזה לקח לי מהזמן שאני מתארגנת בו בבוקר ","3","3","No","No","No","No","No","Yes","","1","2","1","1","1","7","7","6","1","1","3","5","6"
"03/24/2025 08:58AM","03/24/2025 09:00AM","03/24/2025 07:00AM - 03/24/2025 11:00AM",129.446,"3","1","Finished","67dc1d544a8aee02c00ea4ef","0.0","0.0","no","-","2a0d:6fc7:701:1337:34:62cc:abe8:cce0","Participant 20","1","1","1","5","לא היה משהו שעצבן אותי במיוחד אבל פשוט העבודה שלמדתי עד מאוחר ואז הרגשתי ממש עייפה בבוקר","3","4","No","No","No","No","No","Yes","","1","2","1","1","1","6","7","6","1","1","6","5","6"
"03/25/2025 09:02AM","03/25/2025 09:08AM","03/25/2025 07:00AM - 03/25/2025 11:00AM",361.328,"4","1","Finished","67dc1d544a8aee02c00ea4ef","0.0","0.0","no","-","2a0d:6fc7:700:c2c2:2947:6b59:8e13:4dd5","Participant 20","1","1","1","4","הגעתי לסיור בית ספר והייתי ראשונה והגעתי אפילו לפני כולם ","5","4","No","No","No","No","No","Yes","","1","1","1","1","1","1","6","3","1","1","7","2","7"
"03/26/2025 07:31AM","03/26/2025 07:35AM","03/26/2025 07:00AM - 03/26/2025 11:00AM",231.886,"5","1","Finished","67dc1d544a8aee02c00ea4ef","0.0","0.0","no","-","10.100.102.45","Participant 20","1","5","1","2","קמתי במצב רוח טוב לא עולה לי משהו לראש","3","2","No","No","No","No","No","Yes","","1","1","1","1","1","5","7","6","1","1","5","1","7"
"03/27/2025 09:00AM","03/27/2025 09:01AM","03/27/2025 07:00AM - 03/27/2025 11:00AM",82.059,"6","1","Finished","67dc1d544a8aee02c00ea4ef","0.0","0.0","no","-","10.100.102.45","Participant 20","5","6","5","5","רציתי לישון ועושים אצלנו שיפוצים מהבוקר ואי אפשר אפילו להתרכז בכלום","6","1","No","No","No","No","No","Yes","","5","1","1","1","1","6","7","6","1","1","6","1","4"
"03/27/2025 07:03AM","03/27/2025 07:05AM","03/27/2025 07:00AM - 03/27/2025 11:00AM",167.286,"2","1","Finished","67d6b12bc1ae9946c5a155d1","0.0","0.0","no","-","2a02:14f:176:2019:4c55:e35f:221d:ec73","Participant 21","1","1","3","1","אין","2","1","No","No","No","No","No","Yes","","1","2","1","1","1","2","3","6","1","1","5","1","6"
"03/28/2025 09:47AM","03/28/2025 09:50AM","03/28/2025 07:00AM - 03/28/2025 11:00AM",173.466,"3","1","Finished","67d6b12bc1ae9946c5a155d1","0.0","0.0","no","-","10.100.102.173","Participant 21","1","4","5","1","משחק מאתמול","6","5","Yes","No","No","No","No","No","","6","1","1","1","1","4","7","7","1","1","7","1","4"
"03/29/2025 10:07AM","03/29/2025 10:08AM","03/29/2025 07:00AM - 03/29/2025 11:00AM",81.089,"4","1","Finished","67d6b12bc1ae9946c5a155d1","0.0","0.0","no","-","10.100.102.173","Participant 21","1","6","1","1","אין","1","1","No","No","No","No","No","Yes","","1","1","1","1","1","3","4","4","1","1","5","1","6"
"03/30/2025 07:03AM","03/30/2025 07:04AM","03/30/2025 07:00AM - 03/30/2025 11:00AM",71.961,"5","1","Finished","67d6b12bc1ae9946c5a155d1","0.0","0.0","no","-","2a02:14f:387:d776:7407:9c71:45c3:2fa7","Participant 21","1","2","4","1","אין","1","1","No","No","No","No","No","Yes","","1","3","5","1","1","4","5","5","1","1","5","1","4"
"03/31/2025 07:40AM","03/31/2025 07:42AM","03/31/2025 07:00AM - 03/31/2025 11:00AM",82.586,"6","1","Finished","67d6b12bc1ae9946c5a155d1","0.0","0.0","no","-","fd42:c38d:800c:a349:1047:556b:ccf7:e92b","Participant 21","1","1","3","1","אין","2","3","No","No","No","No","No","Yes","","4","1","2","1","1","5","5","5","1","1","5","1","2"
"04/01/2025 07:18AM","04/01/2025 07:19AM","04/01/2025 07:00AM - 04/01/2025 11:00AM",85.364,"7","1","Finished","67d6b12bc1ae9946c5a155d1","0.0","0.0","no","-","10.100.102.173","Participant 21","1","1","1","1","אין","1","1","No","No","No","No","No","Yes","","1","1","1","1","1","3","1","5","1","1","3","1","3"
"04/02/2025 08:38AM","04/02/2025 08:39AM","04/02/2025 07:00AM - 04/02/2025 11:00AM",73.589,"8","1","Finished","67d6b12bc1ae9946c5a155d1","0.0","0.0","no","-","fd42:c38d:800c:a349:1047:556b:ccf7:e92b","Participant 21","1","1","1","1","אין","3","1","No","No","No","No","No","Yes","","1","1","1","1","1","4","7","5","1","1","6","1","5"
"03/28/2025 07:58AM","03/28/2025 08:03AM","03/28/2025 07:00AM - 03/28/2025 11:00AM",317.019,"2","1","Finished","67e559158cd70bc4d8395897",,,"no","-","10.100.102.23","Participant 22","5","4","7","6","שאנחנו צריכים לצאת עוד רבע שעה ואחותי יושבת בטלפון ולא עושה כלום","4","6","Yes","No","No","No","No","No","","5","3","2","6","5","5","5","5","2","3","3","6","3"
"03/29/2025 09:13AM","03/29/2025 09:15AM","03/29/2025 07:00AM - 03/29/2025 11:00AM",155.039,"3","1","Finished","67e559158cd70bc4d8395897",,,"no","-","10.100.102.23","Participant 22","5","6","5","6","הפלטה שלי לשיניים כואבת לי וזה מעצבן ","1","3","No","No","No","No","No","Yes","","1","2","1","1","1","6","6","6","1","1","5","4","5"
"03/30/2025 10:08AM","03/30/2025 10:10AM","03/30/2025 07:00AM - 03/30/2025 11:00AM",130.774,"4","1","Finished","67e559158cd70bc4d8395897",,,"no","-","10.67.201.78","Participant 22","2","6","6","6","שלא הקשיבו לי ונכנסו לי בדברים","6","6","Yes","No","No","No","No","No","","3","6","7","5","6","4","3","4","2","6","4","6","3"
"03/31/2025 08:51AM","03/31/2025 08:52AM","03/31/2025 07:00AM - 03/31/2025 11:00AM",112.068,"5","1","Finished","67e559158cd70bc4d8395897",,,"no","-","10.64.63.63","Participant 22","5","3","6","5","האפליקציה הזאת של המשחק שאמרתם לי לעשות מעצבנת בטירוף","6","5","No","No","No","No","No","Yes","","4","5","5","3","4","6","6","6","2","4","6","5","5"
"04/01/2025 09:39AM","04/01/2025 09:41AM","04/01/2025 07:00AM - 04/01/2025 11:00AM",141.157,"6","1","Finished","67e559158cd70bc4d8395897",,,"no","-","10.107.201.245","Participant 22","5","6","4","5","המשחק הזה ","2","4","No","No","No","No","No","Yes","","4","6","5","1","3","6","6","6","1","2","6","5","6"
"04/02/2025 10:38AM","04/02/2025 10:40AM","04/02/2025 07:00AM - 04/02/2025 11:00AM",112.261,"7","1","Finished","67e559158cd70bc4d8395897",,,"no","-","10.91.165.171","Participant 22","3","6","7","6","לא יודעת","4","5","No","No","No","No","No","Yes","","5","2","5","3","2","6","6","7","1","3","6","6","5"
"04/03/2025 07:57AM","04/03/2025 08:01AM","04/03/2025 07:00AM - 04/03/2025 11:00AM",291.196,"8","1","Finished","67e559158cd70bc4d8395897",,,"no","-","10.100.102.23","Participant 22","6","6","5","6","בוטלה לי שעה ראשונה ובשעה השנייה אמור להיות ספורט ויש איזו מורה מחליפה . כל הבנות בכיתה החליטו שהן לא באות חוץ ממני כי יש לי מבחן באותו יום ובדרך כלל מי שלא בא או מבריז לאחת השעות לא נותנים לא לעשות את המבחן,
והן מבקשות שאני לא אבוא שלא בגללי יכעסו עליהן אבל יכול להיות שאם אני לא אבוא גם יכעסו על כולן כולל עליי 
וממש בא לי להגיע לספורט כי אני אוהבת את זה ומקסימום אם המורה תראה שאין אפחד היא תגיד לי ללמוד למבחן או משהו
זה מעצבן שהן פשוט מחליטות על כולן ואומרות לי שאני אהרוס להן","2","3","No","No","No","No","No","Yes","","3","5","5","3","6","5","6","6","1","4","3","3","4"
"03/31/2025 07:15AM","03/31/2025 07:18AM","03/31/2025 07:00AM - 03/31/2025 11:00AM",135.209,"2","1","Finished","67e922bc8cd70bc4d874ae9f","0.0","0.0","no","-","192.168.1.126","Participant 23","5","7","3","5","שהעירו אותי מוקדם😭","2","7","No","No","No","No","No","Yes","","7","4","3","1","3","4","7","4","6","1","6","7","2"
"04/01/2025 07:18AM","04/01/2025 07:21AM","04/01/2025 07:00AM - 04/01/2025 11:00AM",161.282,"3","1","Finished","67e922bc8cd70bc4d874ae9f","0.0","0.0","no","-","192.168.1.126","Participant 23","6","7","1","7","היום כלום רק התחיל הבוקר.                     אבל אתמול כן 👍🏻 המשחקקקקק שלכם","7","7","No","No","No","No","Yes","No","","7","4","2","4","4","1","7","7","1","7","3","7","1"
"04/02/2025 07:27AM","04/02/2025 07:29AM","04/02/2025 07:00AM - 04/02/2025 11:00AM",142.384,"4","1","Finished","67e922bc8cd70bc4d874ae9f","0.0","0.0","no","-","192.168.1.126","Participant 23","7","7","1","7","כלום לא עיצבן","7","3","No","No","No","No","No","Yes","","1","1","1","1","3","2","7","7","1","3","4","3","7"
"04/03/2025 07:43AM","04/03/2025 07:46AM","04/03/2025 07:00AM - 04/03/2025 11:00AM",199.6,"5","1","Finished","67e922bc8cd70bc4d874ae9f","0.0","0.0","no","-","100.105.255.62","Participant 23","7","7","3","7","שרבתי על השלט","6","5","No","No","No","No","No","Yes","","6","7","3","2","7","6","6","5","7","7","7","6","7"
"04/04/2025 07:08AM","04/04/2025 07:10AM","04/04/2025 07:00AM - 04/04/2025 11:00AM",103.671,"6","1","Finished","67e922bc8cd70bc4d874ae9f","0.0","0.0","no","-","192.168.1.126","Participant 23","7","7","1","7","כלום לא עצבן אותי בינתיים היום ","6","1","No","No","No","No","No","Yes","","1","1","4","4","2","3","7","6","1","5","7","1","7"
"04/05/2025 08:14AM","04/05/2025 08:16AM","04/05/2025 07:00AM - 04/05/2025 11:00AM",104.151,"7","1","Finished","67e922bc8cd70bc4d874ae9f","0.0","0.0","no","-","192.168.1.126","Participant 23","3","7","3","7","רק התחיל היום , עוד לא עצבן אותי דברים","4","2","No","No","No","No","No","Yes","","6","1","4","4","1","1","6","7","1","1","7","7","7"
"04/06/2025 08:51AM","04/06/2025 08:52AM","04/06/2025 07:00AM - 04/06/2025 11:00AM",76.992,"8","1","Finished","67e922bc8cd70bc4d874ae9f","0.0","0.0","no","-","192.168.1.126","Participant 23","7","7","4","3","בינתיים לא עצבן אותי כלום ❤️‍🔥","3","3","No","No","No","No","No","Yes","","3","2","4","3","6","5","2","6","1","6","7","7","7"
"04/10/2025 07:01AM","04/10/2025 07:06AM","04/10/2025 07:00AM - 04/10/2025 11:00AM",344.038,"2","1","Finished","67d2b7adc1ae9946c5720ac6","0.0","0.0","no","-","192.168.1.238","Participant 24","1","5","1","2","שרציתי שאמא תשים לי חולצה מלוכלכת והיה לא סמה אותה בכביסה ","4","4","Yes","No","No","No","No","No","","2","1","1","4","2","5","1","2","2","2","1","4","6"
"04/11/2025 07:23AM","04/11/2025 07:28AM","04/11/2025 07:00AM - 04/11/2025 11:00AM",324.608,"3","1","Finished","67d2b7adc1ae9946c5720ac6","0.0","0.0","no","-","2a0d:6fc2:4bb2:c500:7858:7acc:8b7a:2d22","Participant 24","2","1","1","2","שלא רציתי שאחותי תבוא איתי למקום והיה באה ","2","4","No","No","No","No","No","Yes","","3","2","1","1","3","3","2","3","1","2","1","3","4"
"04/12/2025 07:17AM","04/12/2025 07:22AM","04/12/2025 07:00AM - 04/12/2025 11:00AM",271.656,"4","1","Finished","67d2b7adc1ae9946c5720ac6","0.0","0.0","no","-","192.168.1.238","Participant 24","3","3","1","2","היום לא התעצבנתי ","3","3","No","No","No","No","No","Yes","","2","4","2","1","1","3","3","4","1","2","2","3","5"
"04/13/2025 07:01AM","04/13/2025 07:05AM","04/13/2025 07:00AM - 04/13/2025 11:00AM",243.448,"5","1","Finished","67d2b7adc1ae9946c5720ac6","0.0","0.0","no","-","2a0d:6fc2:4bb2:c500:5dd7:9046:16cd:e829","Participant 24","1","1","1","2","שאנחנו נוסעים לים המלח וזה נסיעה ארוכה של שעתיים ","1","2","No","No","No","No","No","Yes","","2","3","2","1","1","4","2","4","1","2","2","1","4"
"04/14/2025 07:29AM","04/14/2025 07:33AM","04/14/2025 07:00AM - 04/14/2025 11:00AM",255.735,"6","1","Finished","67d2b7adc1ae9946c5720ac6","0.0","0.0","no","-","10.217.34.191","Participant 24","2","2","2","2","אני הייתי רעבה ואכלנו פיצה כשרה לפסח והיא לא היתה לי טעימה והייתי רעבה אז הלכנו לקנות משהו אבל אמא שלי לא מרשה לי לפתוח את זה היא אמרה שנפתח את זה רק בחדר ובסוף הבנתי שאני לא הבנתי נכון ואכלתי את זה בדרך לחדר","6","3","Yes","No","No","No","No","No","","3","3","2","5","1","4","1","3","1","4","1","3","6"
"04/15/2025 07:10AM","04/15/2025 07:15AM","04/15/2025 07:00AM - 04/15/2025 11:00AM",290.663,"7","1","Finished","67d2b7adc1ae9946c5720ac6","0.0","0.0","no","-","10.33.128.57","Participant 24","4","4","1","1","לזה שאחותי במלון בלילה לוקחת לי את כל הסמיכה ","3","2","No","No","No","No","No","Yes","","3","2","2","2","1","5","2","5","1","2","3","2","7"
"04/16/2025 07:04AM","04/16/2025 07:07AM","04/16/2025 07:00AM - 04/16/2025 11:00AM",199.797,"8","1","Finished","67d2b7adc1ae9946c5720ac6","0.0","0.0","no","-","10.33.128.171","Participant 24","3","2","1","1","רציתי לרוץ עם אבא שלי בבוקר אבל לא התעוררתי","4","4","No","No","No","No","No","Yes","","4","2","3","1","2","6","1","5","1","1","4","3","5"
"04/15/2025 08:24AM","04/15/2025 08:27AM","04/15/2025 07:00AM - 04/15/2025 11:00AM",152.632,"2","1","Finished","67fcc400a36094aa3abb3d70","0.0","0.0","no","-","10.0.0.10","Participant 25","2","2","1","3","שאח שלי צעק אליי","1","2","Yes","No","No","No","No","No","","1","1","1","1","1","2","3","6","1","1","5","1","7"
"04/16/2025 10:53AM","04/16/2025 10:55AM","04/16/2025 07:00AM - 04/16/2025 11:00AM",112.299,"3","1","Finished","67fcc400a36094aa3abb3d70","0.0","0.0","no","-","10.0.0.10","Participant 25","2","4","5","2","שאח שלי לא עשה לי מקום בשולחן","4","1","Yes","No","No","No","No","No","","1","1","1","1","1","4","2","5","1","1","6","1","7"
"04/18/2025 10:25AM","04/18/2025 10:27AM","04/18/2025 07:00AM - 04/18/2025 11:00AM",131.756,"5","1","Finished","67fcc400a36094aa3abb3d70","0.0","0.0","no","-","192.168.7.14","Participant 25","1","1","5","1","היום לא התעצבנתי","1","1","Yes","No","No","No","No","Yes","","1","1","1","2","1","5","2","5","1","2","6","1","6"
"04/24/2025 07:48AM","04/24/2025 07:49AM","04/24/2025 07:00AM - 04/24/2025 11:00AM",84.424,"3","1","Finished","67fcc400a36094aa3abb3d70","0.0","0.0","no","-","10.203.220.165","Participant 25","1","5","6","2","לא היה ","1","1","No","No","No","No","No","Yes","","1","1","1","1","1","2","1","5","1","1","5","1","6"
"04/16/2025 10:53AM","04/16/2025 11:00AM","04/16/2025 07:00AM - 04/16/2025 11:00AM",404.87,"2","1","Finished","67fd190ca36094aa3abd746e","0.0","0.0","no","-","2a02:6680:1008:cb48:f922:c12:2b6d:3e4e","Participant 26","5","1","2","2","כלום לא עיצבן אותי עדיין","1","3","No","Yes","No","No","No","No","","1","1","4","1","1","4","2","6","1","1","7","1","5"
"04/17/2025 10:39AM","04/17/2025 10:42AM","04/17/2025 07:00AM - 04/17/2025 11:00AM",165.465,"3","1","Finished","67fd190ca36094aa3abd746e","0.0","0.0","no","-","2a02:6680:2007:95ce:e9d8:bbe1:3347:1350","Participant 26","2","3","4","2","אח שלי עיצבן אותי כי הוא כל הזמן צחק עליי","1","2","No","No","No","No","No","Yes","","1","1","3","1","1","5","5","6","1","1","7","3","6"
"04/18/2025 09:15AM","04/18/2025 09:17AM","04/18/2025 07:00AM - 04/18/2025 11:00AM",117.998,"4","1","Finished","67fd190ca36094aa3abd746e","0.0","0.0","no","-","2a02:6680:1100:74ec:a5cd:8d3c:c974:22df","Participant 26","4","2","2","3","כלום לא עיצבן אותי עדיין","5","1","No","No","No","No","No","Yes","","1","2","2","1","2","2","2","4","1","2","7","3","7"
"04/19/2025 10:31AM","04/19/2025 10:33AM","04/19/2025 07:00AM - 04/19/2025 11:00AM",146.034,"5","1","Finished","67fd190ca36094aa3abd746e","0.0","0.0","no","-","2a02:6680:100a:863:e828:5205:fb72:1241","Participant 26","5","1","2","5","‏ כלום","5","1","No","No","No","No","No","No","התלוננתי לאמא","3","1","4","1","1","4","2","5","1","1","7","4","6"
"04/20/2025 07:45AM","04/20/2025 07:48AM","04/20/2025 07:00AM - 04/20/2025 11:00AM",168.234,"6","1","Finished","67fd190ca36094aa3abd746e","0.0","0.0","no","-","10.100.102.25","Participant 26","4","1","1","1","גיליתי שנגמר החופש ושיש בית ספר🤣","1","2","No","No","No","No","No","Yes","","1","1","1","1","1","6","2","6","1","1","5","2","5"
"04/22/2025 07:32AM","04/22/2025 07:33AM","04/22/2025 07:00AM - 04/22/2025 11:00AM",79.263,"8","1","Finished","67fd190ca36094aa3abd746e","0.0","0.0","no","-","10.100.102.25","Participant 26","4","3","2","2","כלום","5","2","Yes","No","No","No","No","No","","2","2","2","1","1","4","2","5","1","2","5","2","6"
"04/21/2025 07:16AM","04/21/2025 07:20AM","04/21/2025 07:00AM - 04/21/2025 11:00AM",201.47,"2","1","Finished","68050de13df92472ed356ada",,,"no","-","10.100.102.100","Participant 27","4","1","1","3","לא התעצבנתי היום","1","1","No","No","No","No","No","Yes","","1","2","2","3","3","4","6","7","1","3","6","1","6"
"04/22/2025 08:29AM","04/22/2025 08:32AM","04/22/2025 07:00AM - 04/22/2025 11:00AM",152.19,"3","1","Finished","68050de13df92472ed356ada",,,"no","-","10.116.86.111","Participant 27","2","1","3","2","לא התעצבנתי היום","2","3","No","No","No","No","No","Yes","","2","2","5","1","1","5","6","6","1","2","6","1","5"
"04/23/2025 07:27AM","04/23/2025 07:30AM","04/23/2025 07:00AM - 04/23/2025 11:00AM",152.025,"4","1","Finished","68050de13df92472ed356ada",,,"no","-","10.100.102.22","Participant 27","1","1","1","2","לא התעצבנתי היום","3","5","No","No","No","No","No","Yes","","1","2","2","1","1","4","7","6","1","1","6","3","6"
"04/24/2025 07:38AM","04/24/2025 07:41AM","04/24/2025 07:00AM - 04/24/2025 11:00AM",185.242,"5","1","Finished","68050de13df92472ed356ada",,,"no","-","10.100.102.22","Participant 27","2","3","2","2","היום לא התעצבנתי אבל התעצבנתי אתמול אחרי הסקר בגלל שאני לא יודעת לאיזו חטיבה אני אלך","6","5","Yes","No","Yes","No","No","No","","1","4","1","5","2","2","6","5","1","5","6","5","5"
"04/25/2025 08:03AM","04/25/2025 08:05AM","04/25/2025 07:00AM - 04/25/2025 11:00AM",96.698,"6","1","Finished","68050de13df92472ed356ada",,,"no","-","10.100.102.22","Participant 27","1","1","1","3","נאבדו לי המשקפיים","3","2","No","No","No","No","No","Yes","","1","3","2","1","1","2","6","6","1","3","5","1","5"
"04/21/2025 07:46AM","04/21/2025 07:52AM","04/21/2025 07:00AM - 04/21/2025 11:00AM",340.717,"2","1","Finished","6805314a3df92472ed37bbf5","0.0","0.0","no","-","2a02:14f:38a:7d29:1b6:ae29:d8e8:10f8","Participant 28","5","3","5","5","עצבן אותי שאני לא מרגישה טוב עוד פעם","4","6","No","No","No","No","No","Yes","","2","4","3","2","6","4","5","5","1","4","4","5","4"
"04/22/2025 07:57AM","04/22/2025 08:02AM","04/22/2025 07:00AM - 04/22/2025 11:00AM",301.288,"3","1","Finished","6805314a3df92472ed37bbf5","0.0","0.0","no","-","2a02:14f:38d:d4c6:f5e8:9fc4:cea3:c471","Participant 28","5","2","6","5","עצבן אותי הייתי עייפה למרות שישנתי מספיק ולא תפקדתי כמו שצריך בגלל זה ","7","4","Yes","No","No","No","No","No","","3","4","5","5","6","3","5","5","3","5","5","6","4"
"04/23/2025 07:54AM","04/23/2025 07:57AM","04/23/2025 07:00AM - 04/23/2025 11:00AM",183.589,"4","1","Finished","6805314a3df92472ed37bbf5","0.0","0.0","no","-","2a02:14f:39a:cca7:3890:576c:cc3:c764","Participant 28","5","3","6","7","בית ספר וילדים","5","5","No","No","No","No","No","Yes","","5","5","5","3","4","3","3","5","1","3","4","4","4"
"04/25/2025 10:42AM","04/25/2025 10:47AM","04/25/2025 07:00AM - 04/25/2025 11:00AM",286.952,"6","1","Finished","6805314a3df92472ed37bbf5","0.0","0.0","no","-","10.100.102.5","Participant 28","7","3","2","5","אמא שלי","5","4","Yes","No","No","No","No","No","","2","2","1","6","7","3","4","4","5","5","3","4","5"
"04/27/2025 07:54AM","04/27/2025 07:58AM","04/27/2025 07:00AM - 04/27/2025 11:00AM",199.309,"8","1","Finished","6805314a3df92472ed37bbf5","0.0","0.0","no","-","2a02:14f:387:6568:58c0:d332:b8b2:ea2a","Participant 28","4","2","4","3","מזג אויר","4","5","No","No","No","No","No","Yes","","3","5","2","5","6","5","3","6","3","4","5","4","5"
"04/24/2025 07:38AM","04/24/2025 07:40AM","04/24/2025 07:00AM - 04/24/2025 11:00AM",117.82,"2","1","Finished","6808c9c908fd725220663a4a","0.0","0.0","no","-","10.0.0.9","Participant 29","1","1","1","1","העובדה שצריך ללכת לבית ספר ","4","1","No","No","No","No","No","Yes","","2","1","1","1","1","2","2","4","1","1","1","1","5"
"04/25/2025 10:15AM","04/25/2025 10:16AM","04/25/2025 07:00AM - 04/25/2025 11:00AM",111.535,"3","1","Finished","6808c9c908fd725220663a4a","0.0","0.0","no","-","10.0.0.9","Participant 29","2","1","1","2","היום רק התחיל אז אין משהו","4","1","Yes","Yes","No","No","No","No","","4","1","1","2","1","2","1","3","1","4","1","1","3"
"04/26/2025 10:57AM","04/26/2025 10:59AM","04/26/2025 07:00AM - 04/26/2025 11:00AM",110.227,"4","1","Finished","6808c9c908fd725220663a4a","0.0","0.0","no","-","10.0.0.9","Participant 29","1","1","1","1","אין משהו","4","1","No","No","No","No","No","Yes","","1","1","1","1","1","1","1","5","1","1","1","1","7"
"04/28/2025 07:44AM","04/28/2025 07:47AM","04/28/2025 07:00AM - 04/28/2025 11:00AM",223.488,"6","1","Finished","6808c9c908fd725220663a4a","0.0","0.0","no","-","2a02:6680:1002:f632:6975:d6fe:65c8:283f","Participant 29","2","1","1","1","אחותי","4","1","Yes","No","No","No","No","No","","2","1","1","3","2","1","3","4","1","4","3","2","4"
"04/29/2025 07:38AM","04/29/2025 07:39AM","04/29/2025 07:00AM - 04/29/2025 11:00AM",97.427,"7","1","Finished","6808c9c908fd725220663a4a","0.0","0.0","no","-","10.0.0.9","Participant 29","1","1","1","1","אני צריכה ללכת לבית ספר ","2","1","Yes","No","No","No","No","No","","1","1","1","1","1","3","1","4","1","1","3","1","3"
"04/30/2025 07:36AM","04/30/2025 07:37AM","04/30/2025 07:00AM - 04/30/2025 11:00AM",65.986,"8","1","Finished","6808c9c908fd725220663a4a","0.0","0.0","no","-","10.0.0.9","Participant 29","1","2","1","1","שצריך לעשות את המשחק הזה היום בערב","2","1","Yes","No","No","No","No","No","","3","1","1","1","1","1","2","1","1","1","4","1","4"
"04/24/2025 07:06AM","04/24/2025 07:08AM","04/24/2025 07:00AM - 04/24/2025 11:00AM",126.093,"2","1","Finished","68092b2c7d7dd49024ad7a52","0.0","0.0","no","-","10.0.0.5","Participant 30","2","1","4","5","שקמתי מאוחר","5","5","Yes","Yes","No","No","No","No","","5","2","5","4","1","1","5","3","3","1","1","2","7"
"04/25/2025 07:47AM","04/25/2025 07:49AM","04/25/2025 07:00AM - 04/25/2025 11:00AM",117.333,"3","1","Finished","68092b2c7d7dd49024ad7a52","0.0","0.0","no","-","2a06:c701:40ce:bf00:cc08:ef9b:6f06:f4a","Participant 30","5","1","1","7","הייתי צריכה לקום מוקדם","1","1","No","No","No","No","No","Yes","","2","2","2","1","2","1","6","6","1","2","6","2","5"
"04/26/2025 10:37AM","04/26/2025 10:39AM","04/26/2025 07:00AM - 04/26/2025 11:00AM",94.468,"4","1","Finished","68092b2c7d7dd49024ad7a52","0.0","0.0","no","-","2a06:c701:40ce:bf00:99a0:4f6c:9bfc:ea84","Participant 30","4","5","1","6","כאב לי הראש","1","1","Yes","No","No","No","No","No","","1","1","1","1","1","5","7","5","1","1","5","1","7"
"04/27/2025 07:30AM","04/27/2025 07:31AM","04/27/2025 07:00AM - 04/27/2025 11:00AM",72.719,"5","1","Finished","68092b2c7d7dd49024ad7a52","0.0","0.0","no","-","2a06:c701:40ce:bf00:89c:dcb9:ad12:ce25","Participant 30","1","6","7","1","הייתי צריכה לקום מוקדם","2","2","No","No","No","No","No","Yes","","2","1","1","2","1","4","4","3","1","2","4","2","6"
"04/28/2025 07:00AM","04/28/2025 07:02AM","04/28/2025 07:00AM - 04/28/2025 11:00AM",80.935,"6","1","Finished","68092b2c7d7dd49024ad7a52","0.0","0.0","no","-","2a06:c701:40ce:bf00:6d96:866f:c655:9688","Participant 30","2","2","5","3","הייתי צריכה לקום מוקדם","5","2","Yes","No","No","No","No","No","","5","2","3","6","5","1","1","2","1","7","2","3","3"
"04/29/2025 07:05AM","04/29/2025 07:07AM","04/29/2025 07:00AM - 04/29/2025 11:00AM",75.201,"7","1","Finished","68092b2c7d7dd49024ad7a52","0.0","0.0","no","-","2a06:c701:40ce:bf00:4834:7c76:508:a12e","Participant 30","1","1","7","1","קמתי מוקדם","2","5","No","No","No","No","No","Yes","","2","1","1","6","6","2","2","1","7","6","1","2","3"
"04/30/2025 07:09AM","04/30/2025 07:10AM","04/30/2025 07:00AM - 04/30/2025 11:00AM",65.059,"8","1","Finished","68092b2c7d7dd49024ad7a52","0.0","0.0","no","-","10.0.0.1","Participant 30","2","6","1","1","השיער שלי לא הסתדר","1","1","No","No","No","No","No","Yes","","1","1","1","1","1","1","1","7","1","1","1","1","7"
"04/25/2025 07:37AM","04/25/2025 07:47AM","04/25/2025 07:00AM - 04/25/2025 11:00AM",615.382,"2","1","Finished","680a5410bfb1db72cb906821",,,"no","-","10.80.224.8","Participant 31","4","2","2","5","לא התעצבנתי היום בכלל.","1","3","No","No","No","No","No","Yes","","1","1","1","1","1","3","3","7","1","2","1","2","7"
"04/26/2025 09:50AM","04/26/2025 09:54AM","04/26/2025 07:00AM - 04/26/2025 11:00AM",236.513,"3","1","Finished","680a5410bfb1db72cb906821",,,"no","-","192.168.68.101","Participant 31","5","1","2","1","אני לא זוכרת","2","1","No","No","No","No","No","Yes","","1","2","1","6","5","2","4","6","1","6","2","2","3"
"04/27/2025 07:43AM","04/27/2025 07:49AM","04/27/2025 07:00AM - 04/27/2025 11:00AM",315.18,"4","1","Finished","680a5410bfb1db72cb906821",,,"no","-","10.97.140.20","Participant 31","3","5","3","5","כשאני ואחותי נרטבנו בגרביים כשהרצפה הייתה רטובה אז הלכתי להחליף וכשהיא עברה אז היא הרטיבה את הרצפה ואז נרטבתי שוב בפעם השלישית הייתי צריכה להחליף שוב וזה ממש עצבן אותי","7","5","Yes","No","No","No","No","No","","6","2","3","4","2","5","5","5","3","2","5","5","3"
"04/28/2025 07:33AM","04/28/2025 07:41AM","04/28/2025 07:00AM - 04/28/2025 11:00AM",466.824,"5","1","Finished","680a5410bfb1db72cb906821",,,"no","-","192.168.68.102","Participant 31","3","4","3","2","כששכחתי את הטלפון שלי ורציתי להתקשר מהטלפון של אחותי והיא חטפה לי אותו וזה פגע לי בראש","5","3","No","No","No","No","No","Yes","","3","4","4","3","5","5","4","6","2","4","5","4","5"
"04/29/2025 07:29AM","04/29/2025 07:35AM","04/29/2025 07:00AM - 04/29/2025 11:00AM",333.534,"6","1","Finished","680a5410bfb1db72cb906821",,,"no","-","10.179.30.132","Participant 31","5","4","3","3","שום דבר","3","3","No","No","No","No","No","Yes","","2","3","2","4","6","5","2","6","2","3","5","2","5"
"05/01/2025 10:11AM","05/01/2025 10:14AM","05/01/2025 07:00AM - 05/01/2025 11:00AM",196.433,"8","1","Finished","680a5410bfb1db72cb906821",,,"no","-","192.168.68.102","Participant 31","4","3","2","4","שום דבר","6","5","No","No","No","No","No","No","התלוננתי והתבכיינתי ","2","3","2","5","6","5","6","5","3","4","6","2","6"
"04/29/2025 07:17AM","04/29/2025 07:25AM","04/29/2025 07:00AM - 04/29/2025 11:00AM",470.349,"2","1","Finished","680fa8575a3f3054a0530411","0.0","0.0","no","-","2a0d:6fc2:5ce0:d400:fcd7:ce94:68fc:b35d","Participant 32","3","2","1","4","השאלה הזאת בגלל שעוד לא התחיל היום אז לא הספקתי להתעצבן","1","1","No","No","No","No","No","Yes","","1","2","1","1","1","4","5","7","1","2","5","1","7"
"04/30/2025 07:17AM","04/30/2025 07:22AM","04/30/2025 07:00AM - 04/30/2025 11:00AM",260.771,"3","1","Finished","680fa8575a3f3054a0530411","0.0","0.0","no","-","192.168.1.136","Participant 32","6","1","1","1","כלום ","2","3","No","No","No","No","No","Yes","","1","1","5","5","1","5","6","7","1","5","5","1","5"
"05/01/2025 10:24AM","05/01/2025 10:27AM","05/01/2025 07:00AM - 05/01/2025 11:00AM",152.059,"4","1","Finished","680fa8575a3f3054a0530411","0.0","0.0","no","-","192.168.1.136","Participant 32","5","1","1","3","לא","1","5","No","Yes","No","No","No","No","","4","1","1","1","1","4","4","7","1","1","5","4","4"
"05/02/2025 07:52AM","05/02/2025 07:57AM","05/02/2025 07:00AM - 05/02/2025 11:00AM",268.869,"5","1","Finished","680fa8575a3f3054a0530411","0.0","0.0","no","-","192.168.1.136","Participant 32","1","1","1","1","כלום","5","5","No","No","No","No","No","Yes","","1","1","1","1","1","2","5","7","1","5","5","1","7"
"05/04/2025 09:00AM","05/04/2025 09:03AM","05/04/2025 07:00AM - 05/04/2025 11:00AM",172.08,"7","1","Finished","680fa8575a3f3054a0530411","0.0","0.0","no","-","192.168.1.136","Participant 32","1","1","1","1","כלום ","1","1","No","No","No","No","No","Yes","","1","1","1","1","1","5","5","7","1","1","6","1","7"
"05/05/2025 08:40AM","05/05/2025 08:42AM","05/05/2025 07:00AM - 05/05/2025 11:00AM",90.006,"8","1","Finished","680fa8575a3f3054a0530411","0.0","0.0","no","-","169.254.92.195","Participant 32","1","1","1","1","כלום","1","1","No","No","No","No","No","Yes","","1","1","1","1","1","5","6","7","1","1","6","1","7"
"05/06/2025 07:19AM","05/06/2025 07:23AM","05/06/2025 07:00AM - 05/06/2025 11:00AM",251.281,"2","1","Finished","6817a3d05a3f3054a0998aa6","0.0","0.0","no","-","192.168.1.6","Participant 33","1","1","1","1","ביטלו לנו סיור אמנות בתל אביב שמאוד ציפיתי אליו בגלל השביתה","5","5","No","No","No","No","No","Yes","","1","1","1","1","1","3","2","6","1","1","5","4","5"
"05/07/2025 07:16AM","05/07/2025 07:19AM","05/07/2025 07:00AM - 05/07/2025 11:00AM",171.006,"3","1","Finished","6817a3d05a3f3054a0998aa6","0.0","0.0","no","-","192.168.1.7","Participant 33","1","1","1","1","לא עצבן אותי משהו ספציפי ","1","4","No","No","No","No","No","Yes","","1","1","4","1","1","7","5","6","1","1","5","5","3"
"05/08/2025 07:24AM","05/08/2025 07:27AM","05/08/2025 07:00AM - 05/08/2025 11:00AM",145.917,"4","1","Finished","6817a3d05a3f3054a0998aa6","0.0","0.0","no","-","192.168.1.10","Participant 33","1","1","4","1","אח שלי אירח 15 ערסים קטנים צעקנים לראות משחק כדורגל והם צעקו כמו משוגעים עד אחת בלילה ","4","5","Yes","No","No","No","No","No","","1","1","1","1","1","5","5","5","1","2","4","1","6"
"05/09/2025 07:06AM","05/09/2025 07:08AM","05/09/2025 07:00AM - 05/09/2025 11:00AM",126.552,"5","1","Finished","6817a3d05a3f3054a0998aa6","0.0","0.0","no","-","192.168.1.13","Participant 33","1","1","5","1","פספסתי את האוטובוס לבית ספר בגלל אמא","5","5","Yes","No","No","No","No","No","","5","1","3","1","1","6","3","6","1","1","5","1","5"
"05/10/2025 09:38AM","05/10/2025 09:39AM","05/10/2025 07:00AM - 05/10/2025 11:00AM",103.556,"6","1","Finished","6817a3d05a3f3054a0998aa6","0.0","0.0","no","-","192.168.1.13","Participant 33","1","3","4","1","לא עצבן אותי משהו ספציפי ","3","1","No","No","No","No","No","Yes","","2","1","2","1","1","3","5","6","1","1","4","2","5"
"05/11/2025 07:25AM","05/11/2025 07:28AM","05/11/2025 07:00AM - 05/11/2025 11:00AM",177.637,"7","1","Finished","6817a3d05a3f3054a0998aa6","0.0","0.0","no","-","2a00:a041:e1c5:b900:e84d:4fa6:5359:8e0d","Participant 33","1","4","2","2","לא עצבן אותי משהו ספציפי ","2","6","No","No","No","No","No","Yes","","2","1","4","1","1","6","4","6","1","1","5","5","2"
"05/12/2025 07:09AM","05/12/2025 07:11AM","05/12/2025 07:00AM - 05/12/2025 11:00AM",115.252,"8","1","Finished","6817a3d05a3f3054a0998aa6","0.0","0.0","no","-","192.168.1.16","Participant 33","5","4","1","4","לא עצבן אותי משהו ספציפי ","2","5","No","No","No","No","No","Yes","","2","3","1","1","1","6","4","7","1","2","5","1","6"
"05/07/2025 09:08AM","05/07/2025 09:12AM","05/07/2025 07:00AM - 05/07/2025 11:00AM",260.413,"2","1","Finished","6819f02b07710cff0aae5e9b","0.0","0.0","no","-","2a0d:6fc2:5ce1:3b00:14a8:5c45:9f9c:d41a","Participant 34","4","2","2","4","שקמתי עם שיער מבולגן ממש!","1","1","No","No","No","No","No","Yes","","1","1","1","1","1","4","1","6","1","2","1","1","6"
"05/08/2025 07:47AM","05/08/2025 07:51AM","05/08/2025 07:00AM - 05/08/2025 11:00AM",208.546,"3","1","Finished","6819f02b07710cff0aae5e9b","0.0","0.0","no","-","2a0d:6fc2:5ce1:3b00:288a:83ce:50a8:6c35","Participant 34","4","1","1","1","שלא ענו לי על שאלה שהייתי חייבת את התשובה שלה","1","3","No","No","No","No","No","Yes","","1","4","5","1","1","4","3","4","1","4","1","3","6"
"05/09/2025 08:02AM","05/09/2025 08:05AM","05/09/2025 07:00AM - 05/09/2025 11:00AM",171.184,"4","1","Finished","6819f02b07710cff0aae5e9b","0.0","0.0","no","-","2a0d:6fc2:5ce1:3b00:dc09:14c9:160:b3ae","Participant 34","1","1","1","1","שקמתי ממש עייפה","1","1","No","No","No","No","No","Yes","","1","2","1","1","1","4","1","3","1","1","2","1","5"
"05/10/2025 10:33AM","05/10/2025 10:37AM","05/10/2025 07:00AM - 05/10/2025 11:00AM",217.597,"5","1","Finished","6819f02b07710cff0aae5e9b","0.0","0.0","no","-","2a0d:6fc2:5ce1:3b00:8021:e24d:7249:9075","Participant 34","1","3","1","2","שאחותי גילתה לי חצי סרט","3","2","No","No","No","No","No","Yes","","3","2","2","2","1","6","1","5","1","2","2","2","6"
"05/11/2025 07:40AM","05/11/2025 07:50AM","05/11/2025 07:00AM - 05/11/2025 11:00AM",562.362,"6","1","Finished","6819f02b07710cff0aae5e9b","0.0","0.0","no","-","192.168.1.128","Participant 34","1","3","2","6","שרציתי לשים חולצה ליום הולדת שלי אבל היא לא התאימה עם המכנסיים","2","2","No","No","No","No","No","Yes","","1","2","2","1","2","3","2","3","1","2","2","3","5"
"05/12/2025 07:32AM","05/12/2025 07:38AM","05/12/2025 07:00AM - 05/12/2025 11:00AM",400.872,"7","1","Finished","6819f02b07710cff0aae5e9b","0.0","0.0","no","-","2a0d:6fc2:5ce1:3b00:20c7:1299:4a05:9608","Participant 34","2","2","3","4","שקמתי מוקדם ואני ממש עייפה","2","1","No","No","No","No","No","Yes","","1","2","1","1","1","3","2","3","1","1","2","1","5"
"05/13/2025 07:55AM","05/13/2025 07:58AM","05/13/2025 07:00AM - 05/13/2025 11:00AM",173.003,"8","1","Finished","6819f02b07710cff0aae5e9b","0.0","0.0","no","-","100.102.125.43","Participant 34","2","2","3","3","שאני עייפה","1","1","No","No","No","No","No","Yes","","1","1","1","1","1","3","1","3","1","1","1","1","6"
"05/08/2025 07:44AM","05/08/2025 07:50AM","05/08/2025 07:00AM - 05/08/2025 11:00AM",350.203,"2","1","Finished","681b14b207710cff0ab7d8e6","0.0","0.0","no","-","10.100.102.132","Participant 35","1","2","1","2","אין לי משהו שקרה אתמול","6","1","No","No","No","No","No","Yes","","1","1","1","1","1","4","5","7","1","2","5","1","6"
"05/09/2025 07:38AM","05/09/2025 07:40AM","05/09/2025 07:00AM - 05/09/2025 11:00AM",153.726,"3","1","Finished","681b14b207710cff0ab7d8e6","0.0","0.0","no","-","10.100.102.132","Participant 35","2","1","1","1","שהשפריצו אליי מים","2","1","Yes","No","No","No","No","No","","1","1","1","1","1","1","2","7","1","3","1","1","4"
"05/10/2025 09:47AM","05/10/2025 09:49AM","05/10/2025 07:00AM - 05/10/2025 11:00AM",127.432,"4","1","Finished","681b14b207710cff0ab7d8e6","0.0","0.0","no","-","10.100.102.132","Participant 35","5","5","4","3","שביקשתי שיפתחו לי לדקה את הטלפון ולא פתחו לי","5","1","Yes","Yes","Yes","No","No","No","","1","1","1","2","1","2","3","5","1","2","2","1","7"
"05/11/2025 07:36AM","05/11/2025 07:38AM","05/11/2025 07:00AM - 05/11/2025 11:00AM",164.369,"5","1","Finished","681b14b207710cff0ab7d8e6","0.0","0.0","no","-","10.100.102.132","Participant 35","3","3","4","4","שביקשתי שיראו לי ולא הראו לי ","3","1","Yes","No","No","No","No","No","","2","1","1","3","1","1","2","6","3","3","3","1","4"
"05/12/2025 07:40AM","05/12/2025 07:43AM","05/12/2025 07:00AM - 05/12/2025 11:00AM",163.822,"6","1","Finished","681b14b207710cff0ab7d8e6","0.0","0.0","no","-","10.100.102.132","Participant 35","3","2","4","3","שלא הקשיבו לי","3","1","Yes","No","No","No","No","No","","1","1","1","2","1","1","3","4","1","1","4","1","5"
"05/13/2025 07:35AM","05/13/2025 07:38AM","05/13/2025 07:00AM - 05/13/2025 11:00AM",176.409,"7","1","Finished","681b14b207710cff0ab7d8e6","0.0","0.0","no","-","10.100.102.132","Participant 35","2","3","3","3","אין לי","2","1","No","No","No","No","No","Yes","","1","1","1","1","1","2","3","3","1","1","3","1","4"
"05/14/2025 07:31AM","05/14/2025 07:34AM","05/14/2025 07:00AM - 05/14/2025 11:00AM",170.089,"8","1","Finished","681b14b207710cff0ab7d8e6","0.0","0.0","no","-","10.100.102.132","Participant 35","1","1","2","2","אין לי","1","1","No","No","No","No","No","Yes","","1","1","1","2","1","2","2","3","1","2","2","1","4"
"05/11/2025 07:30AM","05/11/2025 07:35AM","05/11/2025 07:00AM - 05/11/2025 11:00AM",274.266,"2","1","Finished","681f7ac874c048e933376c9c",,,"no","-","10.100.102.118","Participant 36","7","5","3","3","ללכת לישון , המורה למדעים","4","1","No","No","No","No","No","Yes","","1","7","5","2","7","2","1","2","1","6","2","1","3"
"05/12/2025 07:36AM","05/12/2025 07:39AM","05/12/2025 07:00AM - 05/12/2025 11:00AM",168.174,"3","1","Finished","681f7ac874c048e933376c9c",,,"no","-","10.100.102.118","Participant 36","7","6","6","6","אין","6","2","No","No","No","No","No","Yes","","1","6","1","5","2","1","2","2","1","5","3","5","6"
"05/13/2025 07:28AM","05/13/2025 07:30AM","05/13/2025 07:00AM - 05/13/2025 11:00AM",143.053,"4","1","Finished","681f7ac874c048e933376c9c",,,"no","-","10.100.102.118","Participant 36","6","4","6","5","אין","7","3","No","No","No","No","No","Yes","","1","1","1","6","5","1","1","3","1","7","2","1","5"
"05/14/2025 07:27AM","05/14/2025 07:30AM","05/14/2025 07:00AM - 05/14/2025 11:00AM",206.292,"5","1","Finished","681f7ac874c048e933376c9c",,,"no","-","10.100.102.118","Participant 36","5","1","7","2","עוד לא היה","7","2","No","No","No","No","Yes","No","","1","1","5","6","1","3","1","3","1","6","1","1","7"
"05/15/2025 07:41AM","05/15/2025 07:43AM","05/15/2025 07:00AM - 05/15/2025 11:00AM",129.546,"6","1","Finished","681f7ac874c048e933376c9c",,,"no","-","10.100.102.118","Participant 36","7","1","7","1","ללכת לבית ספר עם כאב ראש ","7","6","Yes","No","No","No","No","No","","7","5","5","7","7","1","1","1","1","7","1","5","1"
"05/16/2025 10:09AM","05/16/2025 10:12AM","05/16/2025 07:00AM - 05/16/2025 11:00AM",144.477,"7","1","Finished","681f7ac874c048e933376c9c",,,"no","-","10.100.102.118","Participant 36","4","1","5","2","ללכת לטיול בצופים היום","1","5","No","No","No","No","No","Yes","","5","6","1","1","1","1","1","1","1","6","1","1","3"
"05/15/2025 07:11AM","05/15/2025 07:14AM","05/15/2025 07:00AM - 05/15/2025 11:00AM",141.658,"2","1","Finished","6824cf31cb06a519030d0590",,,"no","-","192.168.1.96","Participant 37","1","1","1","1","לא הצעצבנתי היום","1","1","No","No","No","No","No","Yes","","1","1","1","1","1","6","7","7","1","1","7","1","7"
"05/16/2025 07:59AM","05/16/2025 08:02AM","05/16/2025 07:00AM - 05/16/2025 11:00AM",181.452,"3","1","Finished","6824cf31cb06a519030d0590",,,"no","-","100.105.115.169","Participant 37","1","1","1","1","לא התעצבנתי היום, אני ואמא הולכות ליום כיף בתל אביב!","1","1","No","No","No","No","No","Yes","","1","1","1","1","1","6","7","7","1","1","7","1","7"
"05/17/2025 08:21AM","05/17/2025 08:23AM","05/17/2025 07:00AM - 05/17/2025 11:00AM",83.812,"4","1","Finished","6824cf31cb06a519030d0590",,,"no","-","10.100.102.123","Participant 37","1","1","1","1","הרגע התעוררתי","1","1","No","No","No","No","No","Yes","","1","1","1","1","1","6","7","7","1","1","7","1","7"
"05/18/2025 07:06AM","05/18/2025 07:07AM","05/18/2025 07:00AM - 05/18/2025 11:00AM",67.146,"5","1","Finished","6824cf31cb06a519030d0590",,,"no","-","10.100.102.123","Participant 37","1","1","1","1","לא התעצבנתי","1","1","No","No","No","No","No","Yes","","1","1","1","1","1","6","7","7","1","1","7","1","7"
"05/19/2025 07:08AM","05/19/2025 07:09AM","05/19/2025 07:00AM - 05/19/2025 11:00AM",59.686,"6","1","Finished","6824cf31cb06a519030d0590",,,"no","-","192.168.1.86","Participant 37","1","1","1","1","לא התעצבנתי","1","1","No","No","No","No","No","Yes","","1","1","1","1","1","6","7","7","1","1","7","1","7"
"05/20/2025 07:02AM","05/20/2025 07:04AM","05/20/2025 07:00AM - 05/20/2025 11:00AM",80.007,"7","1","Finished","6824cf31cb06a519030d0590",,,"no","-","192.168.1.87","Participant 37","1","1","1","1","לא התעצבנתי היום 🫠","1","1","No","No","No","No","No","Yes","","1","1","1","1","1","6","7","7","1","1","7","1","7"
"05/21/2025 07:04AM","05/21/2025 07:05AM","05/21/2025 07:00AM - 05/21/2025 11:00AM",46.247,"8","1","Finished","6824cf31cb06a519030d0590",,,"no","-","10.100.102.123","Participant 37","1","1","1","1","לא התעצבנתי היום","1","1","No","No","No","No","No","Yes","","1","1","1","1","1","6","7","7","1","1","7","1","7"
"05/21/2025 08:02AM","05/21/2025 08:08AM","05/21/2025 07:00AM - 05/21/2025 11:00AM",379.936,"2","1","Finished","682b653535b7c8e896a76f5a",,,"no","-","10.70.141.119","Participant 38","2","6","5","4","הרדיו של אמא שלי תמיד מעצבן כשאמרתי לה את זה היא אמרה שכשאני דוחפת משאני אוהבת עליה זה אותו הדבר ואני הסכמתי ו התנצלתי היא חיבתה את הרדיו בכל מיקרה","3","6","No","No","No","No","No","Yes","","3","5","4","2","5","2","5","5","1","3","2","4","4"
"05/22/2025 08:07AM","05/22/2025 08:13AM","05/22/2025 07:00AM - 05/22/2025 11:00AM",345.59,"3","1","Finished","682b653535b7c8e896a76f5a",,,"no","-","10.115.7.3","Participant 38","4","2","5","6","אבא שלי הוא אמר שזה פוגע בו שאני ""מבקרת"" את ההורות שלו אני כן חושבת שאני יכולה להשתפר בפילטר שלי אבל זה כאילו שהוא מושלם אני לא יודעת אם זה סתם הורמונים אבל אז אני ישתוק","5","6","No","No","No","No","No","Yes","אני כעסתי והעברתי מאוד על אבא שלי אבל לא אמרתי כלום","5","5","5","1","1","2","5","4","1","2","1","6","4"
"05/23/2025 10:06AM","05/23/2025 10:10AM","05/23/2025 07:00AM - 05/23/2025 11:00AM",227.946,"4","1","Finished","682b653535b7c8e896a76f5a",,,"no","-","192.168.0.133","Participant 38","4","5","5","6","לא באמת קרה כלום","5","5","No","No","No","No","No","Yes","","4","4","4","2","4","4","4","4","1","4","4","4","5"
"05/24/2025 09:55AM","05/24/2025 10:01AM","05/24/2025 07:00AM - 05/24/2025 11:00AM",330.876,"5","1","Finished","682b653535b7c8e896a76f5a",,,"no","-","192.168.0.133","Participant 38","3","5","7","6","הצורה שאמא אמרה לי בוקר טוב היא אמרה לי ממש מהר: בוקר טוב לפני שאני ישכח ואז אמרה לי רשימה של דברים שאני צריכה לעשות","6","6","No","No","No","No","No","Yes","","5","5","4","1","5","2","2","2","1","6","3","5","2"
"05/25/2025 08:14AM","05/25/2025 08:18AM","05/25/2025 07:00AM - 05/25/2025 11:00AM",193.033,"6","1","Finished","682b653535b7c8e896a76f5a",,,"no","-","10.68.220.233","Participant 38","5","6","5","6","הרגע היתעוררתי לא קרה הרבה","4","5","No","No","No","No","No","Yes","","4","6","5","2","5","4","6","4","1","3","5","7","5"
"05/26/2025 08:00AM","05/26/2025 08:04AM","05/26/2025 07:00AM - 05/26/2025 11:00AM",237.501,"7","1","Finished","682b653535b7c8e896a76f5a",,,"no","-","10.68.220.233","Participant 38","4","3","6","7","רציתי לציר עם הטבלאות שלי אבל הייתי צריך להטעין אותו","3","6","No","No","No","No","No","Yes","","3","6","6","1","3","5","4","5","1","2","4","6","2"
"05/27/2025 07:54AM","05/27/2025 07:57AM","05/27/2025 07:00AM - 05/27/2025 11:00AM",161.499,"8","1","Finished","682b653535b7c8e896a76f5a",,,"no","-","10.68.220.233","Participant 38","3","5","6","5","עדין לא עצבנו אותי","3","6","No","No","No","No","No","Yes","","3","6","6","2","5","3","5","5","1","2","6","5","3"